data;horario;n_da_ocorrencia;tipo_de_ocorrencia;km;trecho;sentido;tipo_de_acidente;automovel;bicicleta;caminhao;moto;onibus;outros;tracao_animal;transporte_de_cargas_especiais;trator_maquinas;utilitarios;ilesos;levemente_feridos;moderadamente_feridos;gravemente_feridos;mortos
"01/10/2025";"02:17:00";"13";"Com vítima";"374,000";"BR-376/PR";"Decrescente";"Choque";0;0;1;0;0;0;0;0;0;0;0;0;0;1;0
"01/10/2025";"12:06:00";"155";"Com vítima";"233,000";"BR-376/PR";"Crescente";"Acidentes de outra natureza";0;0;0;1;0;0;0;0;0;0;0;1;0;0;0
"01/10/2025";"14:07:00";"176";"Sem vítima";"6,000";"445/PR";"Crescente";"Choque";0;0;1;0;0;0;0;0;0;0;0;0;0;0;0
"01/10/2025";"16:26:00";"211";"Com vítima";"87,000";"445/PR";"Decrescente";"Colisão traseira";2;0;0;0;0;0;0;0;0;0;4;1;0;0;0
"02/10/2025";"11:34:00";"127";"Com vítima";"77,000";"445/PR";"Decrescente";"Colisão traseira";1;0;0;1;0;0;0;0;0;0;1;1;0;0;0
"02/10/2025";"13:25:00";"143";"Com vítima";"78,000";"445/PR";"Decrescente";"Colisão traseira";0;0;0;1;0;0;0;0;0;1;1;1;0;0;0
"02/10/2025";"20:42:00";"199";"Com vítima";"78,000";"445/PR";"Decrescente";"Colisão traseira";2;0;0;0;0;0;0;0;0;0;1;1;0;0;0
"03/10/2025";"00:00:00";"66";"Com vítima";"335,000";"BR-376/PR";"Crescente";"Capotamento";1;0;0;0;0;0;0;0;0;0;0;2;3;0;0
"03/10/2025";"00:00:00";"82";"Sem vítima";"403,000";"BR-376/PR";"Decrescente";"Choque";1;0;0;0;0;0;0;0;0;0;1;0;0;0;0
"03/10/2025";"00:00:00";"125";"Sem vítima";"450,000";"BR-376/PR";"Crescente";"Choque";1;0;0;0;0;0;0;0;0;0;3;0;0;0;0
"03/10/2025";"00:00:00";"247";"Sem vítima";"192,300";"BR-369/PR";"Decrescente";"Acidentes de outra natureza";1;0;0;0;0;0;0;0;0;0;0;0;0;0;0
"03/10/2025";"06:07:00";"47";"Com vítima";"76,500";"445/PR";"Decrescente";"Colisão lateral em sentido contrário";1;0;0;1;0;0;0;0;0;0;1;1;0;0;0
"03/10/2025";"07:32:00";"74";"Com vítima";"59,000";"445/PR";"Decrescente";"Capotamento";1;0;0;0;0;0;0;0;0;0;0;2;0;0;0
"03/10/2025";"10:16:00";"132";"Sem vítima";"466,000";"BR-376/PR";"Decrescente";"Choque";1;0;0;0;0;0;0;0;0;0;1;0;0;0;0
"03/10/2025";"11:22:00";"152";"Sem vítima";"431,500";"BR-376/PR";"Crescente";"Choque";1;0;0;0;0;0;0;0;0;0;1;0;0;0;0
"03/10/2025";"11:33:00";"153";"Sem vítima";"487,000";"BR-376/PR";"Crescente";"Colisão traseira";1;0;0;0;0;0;0;1;0;0;3;0;0;0;0
"03/10/2025";"11:39:00";"155";"Com vítima";"258,000";"BR-376/PR";"Decrescente";"Colisão traseira";1;0;0;0;0;0;0;0;0;0;0;1;0;0;0
"03/10/2025";"13:28:00";"163";"Sem vítima";"532,000";"BR-376/PR";"Decrescente";"Engavetamento";0;0;1;0;0;0;0;0;0;0;4;0;0;0;0
"03/10/2025";"14:03:00";"169";"Sem vítima";"534,000";"BR-376/PR";"Decrescente";"Colisão lateral em sentido contrário";0;0;0;0;0;0;0;2;0;0;2;0;0;0;0
"03/10/2025";"14:32:00";"179";"Sem vítima";"444,000";"BR-376/PR";"Decrescente";"Capotamento";1;0;0;0;0;0;0;0;0;0;0;0;0;0;0
"03/10/2025";"17:18:00";"212";"Sem vítima";"543,000";"BR-376/PR";"Crescente";"Colisão traseira";0;0;0;0;0;0;0;2;0;0;2;0;0;0;0
"03/10/2025";"20:49:00";"232";"Com vítima";"405,000";"BR-376/PR";"Decrescente";"Choque";1;0;0;0;0;0;0;0;0;0;1;2;0;0;0
"03/10/2025";"20:59:00";"235";"Com vítima";"232,000";"BR-376/PR";"Decrescente";"Capotamento";1;0;1;0;0;0;0;0;0;0;0;2;0;0;0
"03/10/2025";"23:50:00";"251";"Sem vítima";"396,300";"BR-376/PR";"Crescente";"Colisão traseira";0;0;2;0;0;0;0;0;0;0;2;0;0;0;0
"04/10/2025";"05:33:00";"23";"Sem vítima";"67,000";"445/PR";"Crescente";"Choque";1;0;0;0;0;0;0;0;0;0;0;0;0;0;0
"04/10/2025";"11:02:00";"110";"Sem vítima";"80,000";"445/PR";"Decrescente";"Choque";3;0;0;0;0;0;0;0;0;0;0;0;0;0;0
"04/10/2025";"19:32:00";"186";"Sem vítima";"76,000";"445/PR";"Crescente";"Colisão lateral em sentido contrário";2;0;0;0;0;0;0;0;0;0;0;0;0;0;0
"05/10/2025";"01:34:00";"9";"Com vítima";"30,000";"323/PR";"Decrescente";"Colisão lateral em sentido contrário";0;0;1;1;0;0;0;0;0;0;0;0;1;0;0
"05/10/2025";"03:52:00";"20";"Sem vítima";"46,000";"323/PR";"Crescente";"Choque";1;0;0;0;0;0;0;0;0;0;0;0;0;0;0
"05/10/2025";"14:40:00";"121";"Sem vítima";"457,000";"BR-376/PR";"Crescente";"Colisão lateral em sentido contrário";0;0;2;0;0;0;0;0;0;0;7;0;0;0;0
"05/10/2025";"19:04:00";"179";"Sem vítima";"55,000";"445/PR";"Decrescente";"Acidentes de outra natureza";0;0;0;1;0;0;0;0;0;0;0;0;0;0;0
"05/10/2025";"19:10:00";"181";"Sem vítima";"12,000";"445/PR";"Decrescente";"Colisão lateral em sentido contrário";2;0;0;0;0;0;0;0;0;0;0;0;0;0;0
"05/10/2025";"20:01:00";"191";"Com vítima";"288,000";"BR-376/PR";"Crescente";"Capotamento";1;0;0;0;0;0;0;0;0;0;0;1;0;0;0
"06/10/2025";"13:22:00";"180";"Sem vítima";"386,000";"BR-376/PR";"Decrescente";"Acidentes de outra natureza";0;0;0;1;0;0;0;0;0;0;1;0;0;0;0
"06/10/2025";"16:51:00";"240";"Com vítima";"301,940";"BR-376/PR";"Crescente";"Tombamento";0;0;0;0;0;0;0;1;0;0;1;0;1;0;1
"07/10/2025";"03:25:00";"23";"Com vítima";"439,000";"BR-376/PR";"Crescente";"Capotamento";1;0;0;0;0;0;0;0;0;0;0;0;0;1;0
"07/10/2025";"03:47:00";"25";"Sem vítima";"450,000";"BR-376/PR";"Decrescente";"Tombamento";0;0;1;0;0;0;0;0;0;0;0;0;0;0;0
"07/10/2025";"07:46:00";"64";"Sem vítima";"463,000";"BR-376/PR";"Decrescente";"Acidentes de outra natureza";2;0;0;0;0;0;0;0;0;0;1;0;0;0;0
"07/10/2025";"09:26:00";"99";"Com vítima";"488,000";"BR-376/PR";"Decrescente";"Tombamento";0;0;0;1;0;0;0;0;0;0;0;1;0;0;0
"07/10/2025";"10:43:00";"121";"Sem vítima";"463,000";"BR-376/PR";"Decrescente";"Choque";1;0;0;0;0;0;0;0;0;0;1;0;0;0;0
"07/10/2025";"10:55:00";"124";"Com vítima";"431,000";"BR-376/PR";"Decrescente";"Capotamento";1;0;0;0;0;0;0;0;0;0;0;1;1;0;0
"07/10/2025";"11:22:00";"128";"Sem vítima";"463,000";"BR-376/PR";"Decrescente";"Colisão lateral em sentido contrário";1;0;0;0;0;0;0;0;0;0;1;0;0;0;0
"07/10/2025";"11:48:00";"135";"Com vítima";"299,000";"BR-376/PR";"Crescente";"Choque";0;0;1;0;0;0;0;0;0;0;0;1;0;0;0
"07/10/2025";"13:12:00";"146";"Com vítima";"56,000";"445/PR";"Decrescente";"Capotamento";1;0;0;0;0;0;0;0;0;0;2;3;0;0;0
"07/10/2025";"16:04:00";"179";"Sem vítima";"464,400";"BR-376/PR";"Decrescente";"Choque";0;0;0;0;0;0;0;0;0;1;1;0;0;0;0
"07/10/2025";"22:34:00";"229";"Sem vítima";"458,000";"BR-376/PR";"Crescente";"Colisão frontal";0;0;1;0;0;0;0;0;0;0;1;0;0;0;0
"08/10/2025";"01:27:00";"9";"Com vítima";"439,000";"BR-376/PR";"Crescente";"Choque";0;0;0;0;0;0;0;1;0;0;0;1;0;0;0
"08/10/2025";"07:14:00";"40";"Com vítima";"432,000";"BR-376/PR";"Crescente";"Choque";1;0;0;0;0;0;0;0;0;0;1;1;0;0;0
"08/10/2025";"07:28:00";"48";"Sem vítima";"457,000";"BR-376/PR";"Crescente";"Acidentes de outra natureza";0;0;1;0;0;0;0;0;0;0;1;0;0;0;0
"08/10/2025";"09:28:00";"89";"Sem vítima";"440,000";"BR-376/PR";"Decrescente";"Choque";1;0;0;0;0;0;0;0;0;0;1;0;0;0;0
"08/10/2025";"10:14:00";"103";"Sem vítima";"499,000";"BR-376/PR";"Crescente";"Choque";1;0;0;0;0;0;0;0;0;0;1;0;0;0;0
"08/10/2025";"12:04:00";"120";"Sem vítima";"444,000";"BR-376/PR";"Decrescente";"Choque";1;0;0;0;0;0;0;0;0;0;4;0;0;0;0
"08/10/2025";"16:47:00";"179";"Com vítima";"456,700";"BR-376/PR";"Crescente";"Colisão traseira";1;0;1;0;0;0;0;0;0;0;1;1;0;0;0
"10/10/2025";"04:11:00";"23";"Sem vítima";"410,000";"BR-376/PR";"Decrescente";"Colisão traseira";0;0;2;0;0;0;0;0;0;0;2;0;0;0;0
"10/10/2025";"06:17:00";"37";"Sem vítima";"90,000";"445/PR";"Crescente";"Capotamento";1;0;0;0;0;0;0;0;0;0;0;0;0;0;0
"10/10/2025";"06:50:00";"49";"Com vítima";"495,000";"BR-376/PR";"Crescente";"Colisão traseira";0;0;0;1;0;0;0;0;0;0;0;1;0;0;0
"10/10/2025";"10:18:00";"128";"Com vítima";"24,000";"445/PR";"Decrescente";"Acidentes de outra natureza";1;0;0;0;0;0;0;0;0;0;0;1;1;0;0
"10/10/2025";"13:18:00";"176";"Sem vítima";"457,000";"BR-376/PR";"Crescente";"Capotamento";0;0;0;0;0;0;0;0;0;1;1;0;0;0;0
"11/10/2025";"08:39:00";"46";"Com vítima";"77,000";"445/PR";"Decrescente";"Tombamento";0;0;0;1;0;0;0;0;0;0;0;1;0;0;0
"11/10/2025";"15:03:00";"109";"Sem vítima";"199,000";"BR-369/PR";"Crescente";"Choque";1;0;0;0;0;0;0;0;0;0;0;0;0;0;0
"11/10/2025";"19:00:00";"134";"Sem vítima";"428,000";"BR-376/PR";"Crescente";"Choque";1;0;0;0;0;0;0;0;0;0;1;0;0;0;0
"12/10/2025";"00:00:00";"30";"Com vítima";"483,000";"BR-376/PR";"Decrescente";"Colisão traseira";1;0;0;1;0;0;0;0;0;0;0;0;0;0;1
"12/10/2025";"03:56:00";"27";"Sem vítima";"66,000";"445/PR";"Decrescente";"Choque";1;0;0;0;0;0;0;0;0;0;1;0;0;0;0
"12/10/2025";"04:34:00";"31";"Sem vítima";"74,100";"445/PR";"Crescente";"Colisão frontal";1;0;0;0;0;0;0;0;0;0;0;0;0;0;0
"12/10/2025";"05:03:00";"32";"Sem vítima";"432,100";"BR-376/PR";"Crescente";"Choque";1;0;0;0;0;0;0;0;0;0;2;0;0;0;0
"12/10/2025";"13:38:00";"117";"Sem vítima";"34,000";"323/PR";"Crescente";"Choque";1;0;0;0;0;0;0;0;0;0;1;0;0;0;0
"12/10/2025";"14:17:00";"124";"Com vítima";"322,000";"BR-376/PR";"Crescente";"Colisão frontal";1;0;0;0;0;0;0;0;0;1;6;1;1;0;0
"12/10/2025";"14:40:00";"128";"Com vítima";"386,000";"90/PR";"Crescente";"Choque";1;0;0;0;0;0;0;0;0;0;0;1;0;0;0
"12/10/2025";"16:50:00";"143";"Com vítima";"246,000";"BR-376/PR";"Crescente";"Choque";1;0;0;0;0;0;0;0;0;0;0;1;1;0;0
"12/10/2025";"17:11:00";"148";"Com vítima";"40,000";"445/PR";"Crescente";"Acidentes de outra natureza";1;0;0;0;0;0;0;0;0;0;0;1;0;0;0
"12/10/2025";"17:20:00";"149";"Sem vítima";"378,000";"BR-376/PR";"Crescente";"Tombamento";1;0;0;0;0;0;0;0;0;0;1;0;0;0;0
"12/10/2025";"19:14:00";"160";"Sem vítima";"468,000";"BR-376/PR";"Decrescente";"Acidentes de outra natureza";1;0;0;0;0;0;0;0;0;0;0;0;0;0;0
"12/10/2025";"21:57:00";"188";"Com vítima";"416,000";"BR-376/PR";"Crescente";"Acidentes de outra natureza";1;0;0;0;0;0;0;0;0;0;2;0;2;0;0
"13/10/2025";"05:28:00";"30";"Com vítima";"443,000";"BR-376/PR";"Crescente";"Capotamento";1;0;0;0;0;0;0;0;0;0;0;1;0;0;0
"13/10/2025";"07:02:00";"46";"Sem vítima";"444,000";"BR-376/PR";"Decrescente";"Choque";1;0;0;0;0;0;0;0;0;0;1;0;0;0;0
"13/10/2025";"08:05:00";"61";"Sem vítima";"460,000";"BR-376/PR";"Crescente";"Choque";1;0;0;0;0;0;0;0;0;0;1;0;0;0;0
"13/10/2025";"08:22:00";"71";"Sem vítima";"80,000";"445/PR";"Decrescente";"Colisão traseira";2;0;0;0;0;0;0;0;0;0;0;0;0;0;0
"13/10/2025";"13:51:00";"162";"Com vítima";"433,000";"BR-376/PR";"Crescente";"Capotamento";1;0;0;0;0;0;0;0;0;0;0;2;0;0;0
"13/10/2025";"14:04:00";"164";"Com vítima";"110,000";"170/PR";"Decrescente";"Capotamento";1;0;0;0;0;0;0;0;0;0;0;1;0;0;0
"13/10/2025";"19:15:00";"252";"Com vítima";"112,000";"170/PR";"Decrescente";"Acidentes de outra natureza";0;0;0;1;0;0;0;0;0;0;1;1;0;0;0
"13/10/2025";"19:20:00";"253";"Sem vítima";"112,000";"170/PR";"Decrescente";"Acidentes de outra natureza";0;0;0;1;0;0;0;0;0;0;0;0;0;0;0
"13/10/2025";"21:01:00";"272";"Com vítima";"494,500";"BR-376/PR";"Crescente";"Capotamento";1;0;0;0;0;0;0;0;0;0;0;0;1;0;0
"14/10/2025";"06:43:00";"35";"Com vítima";"340,000";"BR-376/PR";"Decrescente";"Tombamento";0;0;0;0;0;0;0;1;0;0;0;1;0;0;0
"14/10/2025";"11:45:00";"159";"Com vítima";"117,000";"170/PR";"Decrescente";"Tombamento";0;0;0;0;0;0;0;1;0;0;0;1;0;0;0
"14/10/2025";"12:00:00";"163";"Sem vítima";"503,000";"BR-376/PR";"Crescente";"Colisão traseira";0;0;1;0;0;0;0;0;0;0;0;0;0;0;0
"14/10/2025";"14:39:00";"203";"Sem vítima";"499,500";"BR-376/PR";"Crescente";"Colisão traseira";1;0;0;0;0;0;0;0;0;0;1;0;0;0;0
"14/10/2025";"19:18:00";"247";"Sem vítima";"47,000";"445/PR";"Crescente";"Tombamento";0;0;0;1;0;0;0;0;0;0;0;0;0;0;0
"15/10/2025";"12:38:00";"189";"Com vítima";"76,500";"445/PR";"Decrescente";"Colisão lateral em sentido contrário";2;0;0;0;0;0;0;0;0;0;1;1;0;0;0
"15/10/2025";"17:42:00";"251";"Sem vítima";"79,000";"445/PR";"Decrescente";"Colisão traseira";2;0;0;0;0;0;0;0;0;0;0;0;0;0;0
"15/10/2025";"17:47:00";"150";"Sem vítima";"394,000";"BR-376/PR";"Decrescente";"Acidentes de outra natureza";0;0;3;0;0;0;0;0;0;0;0;0;0;0;0
"15/10/2025";"17:50:00";"253";"Com vítima";"361,000";"BR-376/PR";"Crescente";"Acidentes de outra natureza";0;0;0;1;0;0;0;0;0;0;0;1;0;0;0
"16/10/2025";"00:00:00";"244";"Sem vítima";"55,800";"445/PR";"Decrescente";"Colisão traseira";1;0;0;0;0;0;0;0;0;0;1;0;0;0;0
"16/10/2025";"04:49:00";"229";"Com vítima";"446,000";"BR-376/PR";"Crescente";"Choque";1;0;0;0;0;0;0;0;0;0;1;1;0;0;0
"16/10/2025";"09:56:00";"143";"Com vítima";"541,000";"BR-376/PR";"Decrescente";"Colisão traseira";0;0;1;0;0;0;0;0;0;0;1;1;0;0;0
"16/10/2025";"20:02:00";"285";"Sem vítima";"336,000";"BR-376/PR";"Crescente";"Engavetamento";1;0;0;0;0;0;0;1;0;1;3;0;0;0;0
"16/10/2025";"23:42:00";"316";"Sem vítima";"433,000";"BR-376/PR";"Crescente";"Choque";1;0;0;0;0;0;0;0;0;0;1;0;0;0;0
"17/10/2025";"07:47:00";"90";"Sem vítima";"255,000";"BR-376/PR";"Decrescente";"Colisão lateral em sentido contrário";1;0;1;0;0;0;0;0;0;0;2;0;0;0;0
"17/10/2025";"13:15:00";"198";"Com vítima";"247,000";"BR-376/PR";"Crescente";"Tombamento";0;0;0;1;0;0;0;0;0;0;1;1;0;0;0
"17/10/2025";"14:57:00";"221";"Sem vítima";"323,000";"BR-376/PR";"Decrescente";"Choque";1;0;0;0;0;0;0;0;0;0;0;0;0;0;0
"17/10/2025";"15:16:00";"226";"Com vítima";"328,000";"BR-376/PR";"Decrescente";"Choque";1;0;0;0;0;0;0;0;0;0;0;2;0;0;0
"17/10/2025";"18:02:00";"277";"Com vítima";"390,000";"BR-376/PR";"Decrescente";"Colisão traseira";1;0;0;0;0;0;0;0;0;0;1;1;0;0;0
"17/10/2025";"18:41:00";"282";"Com vítima";"82,000";"445/PR";"Decrescente";"Colisão lateral em sentido contrário";1;0;0;1;0;0;0;0;0;0;0;2;0;0;0
"17/10/2025";"19:07:00";"286";"Sem vítima";"259,000";"BR-376/PR";"Decrescente";"Acidentes de outra natureza";1;0;0;0;0;0;0;0;0;0;0;0;0;0;0
"17/10/2025";"19:51:00";"300";"Com vítima";"80,900";"445/PR";"Decrescente";"Engavetamento";2;0;0;1;0;0;0;0;0;0;1;2;0;0;0
"17/10/2025";"20:18:00";"311";"Sem vítima";"367,000";"BR-376/PR";"Crescente";"Colisão frontal";1;0;0;0;0;0;0;0;0;0;1;0;0;0;0
"17/10/2025";"23:58:00";"358";"Com vítima";"16,800";"445/PR";"Decrescente";"Choque";1;0;0;0;0;0;0;0;0;0;0;1;0;0;0
"18/10/2025";"01:04:00";"11";"Com vítima";"7,000";"323/PR";"Decrescente";"Colisão frontal";0;0;0;0;0;0;0;2;0;0;0;1;0;0;0
"18/10/2025";"03:16:00";"20";"Sem vítima";"534,000";"BR-376/PR";"Crescente";"Acidentes de outra natureza";0;0;1;0;0;0;0;0;0;0;1;0;0;0;0
"18/10/2025";"05:59:00";"28";"Sem vítima";"51,800";"445/PR";"Crescente";"Choque";1;0;0;0;0;0;0;0;0;0;1;0;0;0;0
"18/10/2025";"07:02:00";"37";"Com vítima";"446,000";"BR-376/PR";"Decrescente";"Choque";1;0;0;0;0;0;0;0;0;0;2;1;0;0;0
"18/10/2025";"09:01:00";"63";"Sem vítima";"181,000";"BR-373/PR";"Crescente";"Colisão traseira";1;0;1;0;0;0;0;0;0;0;0;0;0;0;0
"18/10/2025";"09:11:00";"65";"Com vítima";"238,500";"BR-376/PR";"Decrescente";"Capotamento";1;0;0;0;0;0;0;0;0;0;0;0;0;0;1
"18/10/2025";"10:12:00";"83";"Sem vítima";"373,000";"BR-376/PR";"Decrescente";"Colisão traseira";1;0;1;0;0;0;0;0;0;0;4;0;0;0;0
"18/10/2025";"10:14:00";"84";"Sem vítima";"421,000";"BR-376/PR";"Crescente";"Acidentes de outra natureza";1;0;0;0;0;0;0;0;0;0;0;0;0;0;0
"18/10/2025";"10:23:00";"85";"Sem vítima";"444,000";"BR-376/PR";"Crescente";"Choque";1;0;0;0;0;0;0;0;0;0;0;0;0;0;0
"18/10/2025";"14:10:00";"143";"Sem vítima";"432,000";"BR-376/PR";"Crescente";"Capotamento";1;0;0;0;0;0;0;0;0;0;1;0;0;0;0
"18/10/2025";"15:19:00";"153";"Com vítima";"30,000";"323/PR";"Crescente";"Acidentes de outra natureza";0;0;0;1;0;0;0;0;0;0;0;2;0;0;0
"18/10/2025";"17:50:00";"67";"Com vítima";"439,000";"BR-376/PR";"Crescente";"Capotamento";1;0;0;0;0;0;0;0;0;0;0;1;0;0;0
"19/10/2025";"02:10:00";"16";"Sem vítima";"49,000";"445/PR";"Crescente";"Choque";1;0;0;0;0;0;0;0;0;0;0;0;0;0;0
"19/10/2025";"11:13:00";"144";"Sem vítima";"66,000";"445/PR";"Crescente";"Queda de carga";0;0;0;0;0;0;0;1;0;0;1;0;0;0;0
"19/10/2025";"12:13:00";"158";"Com vítima";"1,000";"445/PR";"Decrescente";"Acidentes de outra natureza";0;0;0;1;0;0;0;0;0;0;0;0;1;0;0
"19/10/2025";"12:50:00";"166";"Sem vítima";"533,000";"BR-376/PR";"Crescente";"Choque";1;0;0;0;0;0;0;0;0;0;0;0;0;0;0
"19/10/2025";"13:00:00";"170";"Sem vítima";"250,000";"BR-376/PR";"Crescente";"Colisão lateral em sentido contrário";2;0;0;0;0;0;0;0;0;0;5;0;0;0;0
"19/10/2025";"19:17:00";"248";"Sem vítima";"542,000";"BR-376/PR";"Crescente";"Choque";1;0;0;0;0;0;0;0;0;0;0;0;0;0;0
"20/10/2025";"10:25:00";"131";"Sem vítima";"301,000";"BR-376/PR";"Crescente";"Tombamento";0;0;0;0;0;0;0;1;0;0;1;0;0;0;0
"20/10/2025";"11:55:00";"165";"Com vítima";"33,000";"445/PR";"Crescente";"Colisão frontal";0;0;0;0;0;0;0;0;0;1;1;1;1;1;0
"20/10/2025";"16:48:00";"206";"Sem vítima";"408,000";"BR-376/PR";"Decrescente";"Colisão lateral em sentido contrário";2;0;0;0;0;0;0;0;0;0;9;0;0;0;0
"20/10/2025";"18:52:00";"225";"Sem vítima";"533,000";"BR-376/PR";"Decrescente";"Colisão traseira";0;0;1;0;0;0;0;0;0;0;0;0;0;0;0
"21/10/2025";"08:37:00";"82";"Sem vítima";"232,000";"BR-376/PR";"Crescente";"Colisão traseira";2;0;0;0;0;0;0;1;0;0;4;0;0;0;0
"21/10/2025";"15:58:00";"233";"Sem vítima";"523,500";"BR-376/PR";"Decrescente";"Colisão frontal";0;0;2;0;0;0;0;0;0;0;2;0;0;0;0
"21/10/2025";"16:04:00";"236";"Sem vítima";"361,000";"BR-376/PR";"Decrescente";"Acidentes de outra natureza";1;0;0;0;0;0;0;0;0;0;3;0;0;0;0
"21/10/2025";"17:09:00";"251";"Com vítima";"320,000";"BR-376/PR";"Crescente";"Tombamento";0;0;1;0;0;0;0;0;0;0;0;1;1;0;0
"21/10/2025";"17:18:00";"254";"Com vítima";"494,000";"BR-376/PR";"Crescente";"Colisão traseira";1;0;1;0;0;0;0;0;0;0;1;1;0;0;0
"21/10/2025";"17:24:00";"256";"Com vítima";"245,000";"BR-376/PR";"Decrescente";"Atropelamento de pedestre";1;0;0;0;0;0;0;0;0;0;1;1;0;0;0
"21/10/2025";"17:31:00";"258";"Sem vítima";"482,200";"BR-376/PR";"Decrescente";"Colisão traseira";1;0;1;0;0;0;0;0;0;0;2;0;0;0;0
"21/10/2025";"23:17:00";"318";"Com vítima";"504,000";"BR-376/PR";"Decrescente";"Colisão traseira";0;0;0;0;0;0;0;1;0;0;1;0;0;0;0
"22/10/2025";"01:25:00";"31";"Sem vítima";"310,700";"BR-376/PR";"Decrescente";"Atropelamento de animal";1;0;0;0;0;0;0;0;0;0;1;0;0;0;0
"22/10/2025";"11:09:00";"216";"Com vítima";"311,300";"BR-376/PR";"Crescente";"Colisão traseira";0;0;0;0;0;0;0;1;0;0;2;0;1;0;0
"22/10/2025";"11:18:00";"220";"Sem vítima";"242,000";"BR-376/PR";"Decrescente";"Choque";1;0;0;0;0;0;0;0;0;0;0;0;0;0;0
"22/10/2025";"15:26:00";"281";"Com vítima";"64,500";"445/PR";"Decrescente";"Colisão traseira";0;0;1;1;0;0;0;0;0;0;1;1;0;0;0
"22/10/2025";"23:32:00";"357";"Sem vítima";"57,000";"323/PR";"Decrescente";"Choque";1;0;0;0;0;0;0;0;0;1;0;0;0;0;0
"23/10/2025";"00:00:00";"193";"Sem vítima";"313,000";"BR-376/PR";"Crescente";"Colisão traseira";0;0;2;0;0;0;0;0;0;0;0;0;0;0;0
"23/10/2025";"00:39:00";"6";"Sem vítima";"237,800";"BR-376/PR";"Crescente";"Colisão traseira";0;0;1;0;0;0;0;1;0;0;2;0;0;0;0
"23/10/2025";"07:27:00";"77";"Com vítima";"74,700";"445/PR";"Decrescente";"Acidentes de outra natureza";0;0;0;1;0;0;0;0;0;0;0;1;0;0;0
"23/10/2025";"07:58:00";"86";"Sem vítima";"77,000";"445/PR";"Decrescente";"Acidentes de outra natureza";1;0;0;1;0;0;0;0;0;0;0;0;0;0;0
"23/10/2025";"08:06:00";"89";"Com vítima";"79,000";"445/PR";"Crescente";"Acidentes de outra natureza";1;0;0;1;0;0;0;0;0;0;2;1;0;0;0
"23/10/2025";"08:17:00";"92";"Sem vítima";"74,800";"445/PR";"Decrescente";"Choque";0;0;0;1;0;0;0;0;0;0;0;0;0;0;0
"23/10/2025";"09:26:00";"121";"Sem vítima";"73,000";"445/PR";"Decrescente";"Colisão lateral em sentido contrário";0;0;0;0;0;0;0;0;0;1;0;0;0;0;0
"23/10/2025";"17:32:00";"250";"Sem vítima";"315,200";"BR-376/PR";"Crescente";"Choque";0;0;1;0;0;0;0;0;0;0;0;0;0;0;0
"23/10/2025";"21:38:00";"291";"Sem vítima";"515,000";"BR-376/PR";"Crescente";"Acidentes de outra natureza";2;0;1;0;0;0;0;0;0;0;0;0;0;0;0
"23/10/2025";"23:16:00";"306";"Sem vítima";"79,300";"445/PR";"Crescente";"Colisão traseira";2;0;0;0;0;0;0;0;0;0;0;0;0;0;0
"24/10/2025";"16:01:00";"236";"Com vítima";"329,000";"BR-376/PR";"Crescente";"Colisão lateral em sentido contrário";0;0;1;1;0;0;0;0;0;0;0;1;0;0;0
"24/10/2025";"17:26:00";"258";"Com vítima";"345,000";"BR-376/PR";"Decrescente";"Colisão lateral em sentido contrário";2;0;0;0;0;0;0;0;0;0;0;5;0;0;0
"25/10/2025";"00:00:00";"161";"Com vítima";"312,000";"BR-376/PR";"Crescente";"Tombamento";0;0;0;0;0;0;0;0;0;0;0;0;0;0;0
"25/10/2025";"00:00:00";"259";"Sem vítima";"70,000";"445/PR";"Decrescente";"Choque";2;0;0;0;0;0;0;0;0;0;1;0;0;0;0
"25/10/2025";"04:16:00";"22";"Com vítima";"112,000";"170/PR";"Decrescente";"Capotamento";0;0;0;0;0;0;0;0;0;1;0;0;1;0;0
"25/10/2025";"04:58:00";"26";"Com vítima";"407,800";"BR-376/PR";"Crescente";"Colisão traseira";0;0;0;0;0;0;0;2;0;0;0;1;0;0;0