data;horario;n_da_ocorrencia;tipo_de_ocorrencia;km;trecho;sentido;tipo_de_acidente;automovel;bicicleta;caminhao;moto;onibus;outros;tracao_animal;transporte_de_cargas_especiais;trator_maquinas;utilitarios;ilesos;levemente_feridos;moderadamente_feridos;gravemente_feridos;mortos
"25/10/2025";"17:03:00";"221";"Sem vítima";"323,500";"BR-376/PR";"Crescente";"Choque";0;0;0;0;0;0;0;1;0;0;1;0;0;0;0
"25/10/2025";"18:53:00";"241";"Sem vítima";"429,000";"BR-376/PR";"Decrescente";"Colisão lateral em sentido contrário";1;0;0;0;0;0;0;0;0;0;1;0;0;0;0
"25/10/2025";"19:27:00";"243";"Com vítima";"495,500";"BR-376/PR";"Decrescente";"Colisão lateral em sentido contrário";0;0;0;1;0;0;0;0;0;0;0;0;1;0;0
"26/10/2025";"00:00:00";"152";"Sem vítima";"41,000";"323/PR";"Decrescente";"Colisão traseira";1;0;0;0;1;0;0;0;0;0;20;0;0;0;0
"26/10/2025";"00:00:00";"168";"Com vítima";"433,000";"BR-376/PR";"Decrescente";"Colisão frontal";1;0;0;0;0;0;0;0;0;0;0;1;0;0;0
"26/10/2025";"06:53:00";"32";"Sem vítima";"547,000";"BR-376/PR";"Crescente";"Tombamento";0;0;0;0;0;0;0;1;0;0;1;0;0;0;0
"26/10/2025";"09:05:00";"57";"Com vítima";"432,000";"BR-376/PR";"Decrescente";"Choque";1;0;0;0;0;0;0;0;0;0;1;0;2;0;0
"26/10/2025";"10:05:00";"69";"Com vítima";"431,000";"BR-376/PR";"Crescente";"Choque";0;0;0;0;0;0;0;0;0;1;3;1;0;0;0
"26/10/2025";"10:44:00";"72";"Sem vítima";"439,000";"BR-376/PR";"Crescente";"Choque";1;0;0;0;0;0;0;0;0;0;1;0;0;0;0
"26/10/2025";"11:16:00";"78";"Com vítima";"432,000";"BR-376/PR";"Crescente";"Choque";1;0;0;0;0;0;0;0;0;0;0;1;0;0;0
"26/10/2025";"11:25:00";"81";"Sem vítima";"426,000";"BR-376/PR";"Crescente";"Choque";1;0;0;0;0;0;0;0;0;0;1;0;0;0;0
"26/10/2025";"11:56:00";"88";"Sem vítima";"432,200";"BR-376/PR";"Crescente";"Choque";1;0;0;0;0;0;0;0;0;0;1;0;0;0;0
"26/10/2025";"12:20:00";"93";"Sem vítima";"434,000";"BR-376/PR";"Decrescente";"Acidentes de outra natureza";0;0;0;1;0;0;0;0;0;0;1;0;0;0;0
"26/10/2025";"12:29:00";"94";"Sem vítima";"378,000";"BR-376/PR";"Decrescente";"Capotamento";0;0;0;0;0;0;0;0;0;1;4;0;0;0;0
"26/10/2025";"14:17:00";"107";"Com vítima";"382,000";"90/PR";"Crescente";"Acidentes de outra natureza";0;0;0;1;0;0;0;0;0;0;0;1;0;0;0
"26/10/2025";"14:24:00";"110";"Sem vítima";"438,000";"BR-376/PR";"Crescente";"Choque";1;0;0;0;0;0;0;0;0;0;1;0;0;0;0
"26/10/2025";"15:04:00";"119";"Sem vítima";"468,000";"BR-376/PR";"Crescente";"Choque";1;0;0;0;0;0;0;0;0;0;0;0;0;0;0
"26/10/2025";"15:57:00";"132";"Com vítima";"277,000";"BR-376/PR";"Crescente";"Capotamento";1;0;0;0;0;0;0;0;0;0;1;1;2;0;0
"26/10/2025";"16:08:00";"134";"Sem vítima";"378,000";"BR-376/PR";"Decrescente";"Acidentes de outra natureza";1;0;0;0;0;0;0;0;0;0;1;0;0;0;0
"26/10/2025";"16:17:00";"136";"Sem vítima";"444,000";"BR-376/PR";"Crescente";"Choque";1;0;0;0;0;0;0;0;0;0;0;0;0;0;0
"26/10/2025";"16:55:00";"145";"Sem vítima";"413,000";"BR-376/PR";"Decrescente";"Tombamento";0;0;0;0;0;0;0;0;0;1;1;0;0;0;0
"26/10/2025";"16:59:00";"147";"Com vítima";"500,000";"BR-376/PR";"Decrescente";"Engavetamento";3;0;0;1;1;0;0;0;0;0;0;1;0;0;0
"26/10/2025";"17:11:00";"151";"Sem vítima";"408,500";"BR-376/PR";"Crescente";"Choque";1;0;0;0;0;0;0;0;0;0;1;0;0;0;0
"26/10/2025";"19:23:00";"167";"Sem vítima";"171,000";"373/PR";"Decrescente";"Colisão transversal";2;0;0;0;0;0;0;0;0;0;2;0;0;0;0
"26/10/2025";"20:02:00";"177";"Com vítima";"483,000";"BR-376/PR";"Decrescente";"Atropelamento de pedestre";0;0;0;1;0;0;0;0;0;0;0;0;2;0;0
"26/10/2025";"21:01:00";"190";"Sem vítima";"396,000";"BR-376/PR";"Crescente";"Choque";1;0;0;0;0;0;0;0;0;0;1;0;0;0;0
"27/10/2025";"00:00:00";"4";"Com vítima";"402,000";"BR-376/PR";"Decrescente";"Capotamento";1;0;0;0;0;0;0;0;0;0;0;1;0;0;0
"27/10/2025";"00:19:00";"2";"Sem vítima";"350,000";"BR-376/PR";"Crescente";"Colisão traseira";1;0;0;0;0;0;0;0;0;0;1;0;0;0;0
"27/10/2025";"07:14:00";"49";"Com vítima";"84,100";"445/PR";"Decrescente";"Tombamento";0;0;0;1;0;0;0;0;0;0;0;1;0;0;0
"27/10/2025";"09:13:00";"119";"Sem vítima";"262,500";"BR-376/PR";"Decrescente";"Engavetamento";2;0;1;0;0;0;0;0;0;0;2;0;0;0;0
"27/10/2025";"09:25:00";"125";"Com vítima";"440,000";"BR-376/PR";"Decrescente";"Acidentes de outra natureza";1;0;0;0;0;0;0;0;0;0;0;0;1;0;0
"27/10/2025";"13:57:00";"190";"Com vítima";"444,000";"BR-376/PR";"Decrescente";"Choque";1;0;0;0;0;0;0;0;0;0;0;1;0;0;0
"27/10/2025";"15:15:00";"213";"Com vítima";"252,600";"BR-376/PR";"Crescente";"Colisão traseira";1;0;0;0;0;0;0;0;0;1;6;1;0;0;0
"27/10/2025";"17:07:00";"237";"Sem vítima";"42,000";"445/PR";"Decrescente";"Engavetamento";3;0;0;0;0;0;0;0;0;0;0;0;0;0;0
"27/10/2025";"17:15:00";"239";"Com vítima";"297,000";"BR-376/PR";"Decrescente";"Choque";1;0;0;0;0;0;0;0;0;0;2;1;0;0;0
"28/10/2025";"12:07:00";"168";"Com vítima";"448,000";"BR-376/PR";"Crescente";"Capotamento";1;0;0;0;0;0;0;0;0;0;0;1;0;0;0
"28/10/2025";"16:30:00";"222";"Sem vítima";"340,000";"BR-376/PR";"Crescente";"Choque";1;0;0;0;0;0;0;0;0;0;0;0;0;0;0
"28/10/2025";"16:45:00";"225";"Sem vítima";"432,800";"BR-376/PR";"Decrescente";"Acidentes de outra natureza";1;0;0;0;0;0;0;0;0;0;0;0;0;0;0
"28/10/2025";"16:58:00";"227";"Com vítima";"245,000";"BR-376/PR";"Crescente";"Colisão lateral em sentido contrário";2;0;0;0;0;0;0;0;0;0;0;2;0;0;0
"28/10/2025";"17:08:00";"230";"Sem vítima";"502,000";"BR-376/PR";"Decrescente";"Acidentes de outra natureza";0;0;1;0;0;0;0;0;0;0;1;0;0;0;0
"28/10/2025";"19:41:00";"264";"Sem vítima";"82,000";"445/PR";"Decrescente";"Colisão lateral em sentido contrário";1;0;1;0;0;0;0;0;0;0;0;0;0;0;0
"28/10/2025";"19:43:00";"265";"Sem vítima";"532,000";"BR-376/PR";"Decrescente";"Choque";1;0;0;0;0;0;0;0;0;0;0;0;0;0;0
"28/10/2025";"21:12:00";"275";"Com vítima";"41,000";"445/PR";"Crescente";"Colisão frontal";1;0;0;0;0;0;0;0;0;1;0;0;0;2;0
"29/10/2025";"00:00:00";"5";"Sem vítima";"487,000";"BR-376/PR";"Decrescente";"Colisão lateral em sentido contrário";0;0;1;0;0;0;0;0;0;0;0;0;0;0;0
"29/10/2025";"00:15:00";"1";"Sem vítima";"519,000";"BR-376/PR";"Decrescente";"Choque";0;0;1;0;0;0;0;0;0;0;1;0;0;0;0
"29/10/2025";"00:53:00";"3";"Sem vítima";"527,000";"BR-376/PR";"Decrescente";"Tombamento";0;0;0;0;0;0;0;0;0;0;0;0;0;0;0
"29/10/2025";"02:25:00";"14";"Sem vítima";"458,500";"BR-376/PR";"Crescente";"Choque";0;0;1;0;0;0;0;0;0;0;0;0;0;0;0
"29/10/2025";"09:57:00";"126";"Com vítima";"345,000";"BR-376/PR";"Crescente";"Acidentes de outra natureza";0;0;1;1;0;0;0;0;0;0;0;2;0;0;0
"29/10/2025";"10:34:00";"137";"Com vítima";"171,900";"BR-373/PR";"Decrescente";"Acidentes de outra natureza";0;0;2;0;0;0;0;0;0;0;0;1;0;0;0
"29/10/2025";"14:27:00";"203";"Com vítima";"74,000";"445/PR";"Decrescente";"Colisão lateral em sentido contrário";0;0;0;1;0;0;0;0;0;0;1;1;0;0;0
"29/10/2025";"20:30:00";"271";"Com vítima";"51,000";"445/PR";"Decrescente";"Atropelamento de animal";1;0;0;0;0;0;0;0;0;0;0;1;0;0;0
"29/10/2025";"20:58:00";"275";"Com vítima";"419,000";"BR-376/PR";"Decrescente";"Choque";1;0;0;0;0;0;0;0;0;0;0;2;0;0;0
"30/10/2025";"14:30:00";"233";"Sem vítima";"241,000";"BR-376/PR";"Decrescente";"Engavetamento";2;0;1;0;0;0;0;0;0;0;4;0;0;0;0
"30/10/2025";"23:13:00";"316";"Com vítima";"306,500";"BR-376/PR";"Crescente";"Choque";1;0;0;0;0;0;0;0;0;0;0;1;0;0;0
"31/10/2025";"06:53:00";"60";"Sem vítima";"452,400";"BR-376/PR";"Crescente";"Choque";1;0;0;0;0;0;0;0;0;0;1;0;0;0;0
"31/10/2025";"21:46:00";"300";"Sem vítima";"341,000";"BR-376/PR";"Crescente";"Acidentes de outra natureza";0;0;0;1;0;0;0;0;0;0;0;0;0;0;0
"31/10/2025";"21:54:00";"302";"Sem vítima";"488,000";"BR-376/PR";"Crescente";"Choque";1;0;0;0;0;0;0;0;0;0;1;0;0;0;0
"31/10/2025";"23:22:00";"310";"Com vítima";"65,000";"445/PR";"Crescente";"Choque";1;0;0;0;0;0;0;0;0;0;0;1;0;0;0
"01/11/2025";"00:00:00";"239";"Sem vítima";"495,500";"BR-376/PR";"Crescente";"Choque";0;0;1;0;0;0;0;0;0;0;1;0;0;0;0
"01/11/2025";"09:00:00";"98";"Com vítima";"432,000";"BR-376/PR";"Crescente";"Acidentes de outra natureza";0;0;0;0;0;0;0;0;0;1;0;1;0;0;0
"01/11/2025";"13:53:00";"159";"Sem vítima";"378,000";"BR-376/PR";"Decrescente";"Choque";1;0;0;0;0;0;0;0;0;0;0;0;0;0;0
"01/11/2025";"17:25:00";"208";"Com vítima";"366,000";"BR-376/PR";"Crescente";"Colisão frontal";1;0;1;0;0;0;0;0;0;0;0;1;0;0;1
"01/11/2025";"19:58:00";"225";"Sem vítima";"546,500";"BR-376/PR";"Decrescente";"Choque";0;0;1;0;0;0;0;0;0;0;0;0;0;0;0
"01/11/2025";"22:29:00";"248";"Sem vítima";"468,500";"BR-376/PR";"Crescente";"Choque";1;0;0;0;0;0;0;0;0;0;0;0;0;0;0
"02/11/2025";"00:00:00";"105";"Sem vítima";"232,150";"BR-376/PR";"Crescente";"Colisão traseira";1;0;0;0;0;0;0;0;0;1;3;0;0;0;0
"02/11/2025";"01:26:00";"5";"Sem vítima";"509,000";"BR-376/PR";"Crescente";"Choque";1;0;0;0;0;0;0;0;0;0;0;0;0;0;0
"02/11/2025";"04:18:00";"13";"Com vítima";"490,000";"BR-376/PR";"Crescente";"Acidentes de outra natureza";1;0;0;0;0;0;0;0;0;0;0;0;1;0;1
"02/11/2025";"08:56:00";"39";"Sem vítima";"509,000";"BR-376/PR";"Decrescente";"Acidentes de outra natureza";1;0;0;0;0;0;0;0;0;0;0;0;0;0;0
"02/11/2025";"10:03:00";"48";"Sem vítima";"546,000";"BR-376/PR";"Crescente";"Choque";0;0;0;0;0;0;0;0;0;1;0;0;0;0;0
"02/11/2025";"10:35:00";"54";"Sem vítima";"444,000";"BR-376/PR";"Crescente";"Choque";1;0;0;0;0;0;0;0;0;0;0;0;0;0;0
"02/11/2025";"18:51:00";"129";"Sem vítima";"35,000";"445/PR";"Crescente";"Colisão lateral em sentido contrário";1;0;0;0;0;0;0;0;0;0;0;0;0;0;0
"02/11/2025";"20:09:00";"168";"Sem vítima";"415,000";"BR-376/PR";"Decrescente";"Choque";1;0;0;0;0;0;0;0;0;0;0;0;0;0;0
"02/11/2025";"20:47:00";"146";"Sem vítima";"258,600";"BR-376/PR";"Decrescente";"Colisão traseira";0;0;0;1;0;0;0;0;0;0;0;0;0;0;0
"03/11/2025";"05:56:00";"37";"Sem vítima";"342,500";"BR-376/PR";"Crescente";"Tombamento";0;0;0;0;0;0;0;1;0;0;0;0;0;0;0
"03/11/2025";"07:01:00";"50";"Com vítima";"170,900";"373/PR";"Decrescente";"Acidentes de outra natureza";1;0;1;0;0;0;0;0;0;0;0;1;0;0;0
"03/11/2025";"10:55:00";"140";"Sem vítima";"432,000";"BR-376/PR";"Crescente";"Choque";1;0;0;0;0;0;0;0;0;0;0;0;0;0;0
"03/11/2025";"10:56:00";"141";"Com vítima";"383,000";"BR-376/PR";"Crescente";"Acidentes de outra natureza";1;0;0;0;0;0;0;0;0;0;0;1;0;0;0
"03/11/2025";"11:08:00";"150";"Sem vítima";"428,000";"BR-376/PR";"Crescente";"Colisão lateral em sentido contrário";1;0;0;0;0;0;0;0;0;0;1;0;0;0;0
"03/11/2025";"12:40:00";"177";"Com vítima";"307,000";"BR-376/PR";"Decrescente";"Capotamento";1;0;0;0;0;0;0;0;0;0;0;1;0;0;0
"03/11/2025";"13:01:00";"180";"Com vítima";"444,000";"BR-376/PR";"Crescente";"Acidentes de outra natureza";1;0;0;0;0;0;0;0;0;0;0;1;0;0;0
"03/11/2025";"14:56:00";"192";"Com vítima";"445,000";"BR-376/PR";"Decrescente";"Choque";1;0;0;0;0;0;0;0;0;0;0;1;0;0;0
"03/11/2025";"19:11:00";"236";"Com vítima";"73,000";"445/PR";"Crescente";"Colisão traseira";0;0;0;2;0;0;0;0;0;0;0;2;0;0;0
"03/11/2025";"19:54:00";"243";"Sem vítima";"74,000";"445/PR";"Decrescente";"Colisão frontal";1;0;0;0;0;0;0;0;0;1;0;0;0;0;0
"04/11/2025";"10:04:00";"181";"Com vítima";"74,000";"445/PR";"Decrescente";"Colisão traseira";1;0;1;0;0;0;0;0;0;0;3;1;1;0;0
"04/11/2025";"17:13:00";"276";"Sem vítima";"362,000";"BR-376/PR";"Crescente";"Colisão lateral em sentido contrário";0;0;0;1;0;0;0;0;0;0;1;0;0;0;0
"04/11/2025";"17:19:00";"278";"Sem vítima";"52,000";"445/PR";"Decrescente";"Choque";1;0;0;0;0;0;0;0;0;0;1;0;0;0;0
"04/11/2025";"17:37:00";"282";"Com vítima";"545,000";"BR-376/PR";"Decrescente";"Colisão traseira";2;0;0;0;0;0;0;0;0;0;3;1;0;0;0
"04/11/2025";"18:22:00";"288";"Sem vítima";"395,000";"BR-376/PR";"Decrescente";"Colisão traseira";0;0;0;0;0;0;0;1;0;0;2;0;0;0;0
"04/11/2025";"21:45:00";"330";"Com vítima";"67,000";"445/PR";"Decrescente";"Acidentes de outra natureza";0;0;0;1;0;0;0;0;0;0;0;1;0;0;0
"05/11/2025";"00:00:00";"104";"Com vítima";"189,000";"BR-369/PR";"Crescente";"Capotamento";0;0;0;1;0;0;0;0;0;0;0;1;0;0;0
"05/11/2025";"12:23:00";"152";"Sem vítima";"166,900";"373/PR";"Decrescente";"Colisão traseira";0;0;0;0;0;0;0;1;0;0;1;0;0;0;0
"05/11/2025";"12:36:00";"153";"Com vítima";"272,000";"BR-376/PR";"Decrescente";"Choque";1;0;0;0;0;0;0;0;0;0;0;1;0;0;0
"05/11/2025";"13:21:00";"161";"Com vítima";"489,000";"BR-376/PR";"Crescente";"Capotamento";1;0;0;0;0;0;0;0;0;0;1;0;0;1;0
"05/11/2025";"13:59:00";"168";"Sem vítima";"484,000";"BR-376/PR";"Crescente";"Engavetamento";0;0;1;0;0;0;0;0;0;0;0;0;0;0;0
"05/11/2025";"21:41:00";"236";"Com vítima";"64,000";"445/PR";"Crescente";"Colisão lateral em sentido contrário";1;0;0;0;0;0;0;1;0;0;1;0;1;0;0
"06/11/2025";"01:40:00";"9";"Com vítima";"110,000";"170/PR";"Crescente";"Capotamento";1;0;0;0;0;0;0;0;0;0;0;1;0;0;0
"06/11/2025";"07:17:00";"64";"Com vítima";"189,800";"BR-369/PR";"Crescente";"Colisão transversal";1;0;0;1;0;0;0;0;0;0;0;1;0;0;0
"06/11/2025";"08:33:00";"105";"Com vítima";"82,000";"445/PR";"Crescente";"Colisão traseira";1;0;0;1;0;0;0;0;0;0;0;0;1;0;0
"07/11/2025";"00:00:00";"16";"Com vítima";"179,000";"BR-373/PR";"Crescente";"Capotamento";1;0;0;0;0;0;0;0;0;0;0;2;0;0;0
"07/11/2025";"00:00:00";"31";"Sem vítima";"421,000";"BR-376/PR";"Crescente";"Capotamento";1;0;0;0;0;0;0;0;0;0;0;0;0;0;0
"07/11/2025";"03:26:00";"26";"Com vítima";"189,500";"BR-369/PR";"Crescente";"Atropelamento de pedestre";1;0;0;0;0;0;0;0;0;0;0;1;0;1;0
"07/11/2025";"06:08:00";"33";"Sem vítima";"320,000";"BR-376/PR";"Decrescente";"Acidentes de outra natureza";1;0;0;0;0;0;0;0;0;0;0;0;0;0;0
"07/11/2025";"09:11:00";"115";"Sem vítima";"261,000";"BR-376/PR";"Decrescente";"Tombamento";0;0;0;0;0;0;0;1;0;0;0;0;0;0;0
"07/11/2025";"13:16:00";"195";"Com vítima";"497,000";"BR-376/PR";"Decrescente";"Choque";0;0;1;0;0;0;0;0;0;0;0;0;0;1;0
"07/11/2025";"14:33:00";"212";"Sem vítima";"521,500";"BR-376/PR";"Crescente";"Colisão traseira";0;0;1;0;0;0;0;0;0;0;0;0;0;0;0
"07/11/2025";"14:35:00";"213";"Sem vítima";"319,000";"BR-376/PR";"Decrescente";"Acidentes de outra natureza";1;0;0;0;0;0;0;0;0;0;0;0;0;0;0
"07/11/2025";"16:42:00";"240";"Com vítima";"164,000";"373/PR";"Decrescente";"Acidentes de outra natureza";0;0;1;0;0;0;0;0;0;0;0;1;0;0;0
"07/11/2025";"19:28:00";"262";"Com vítima";"253,800";"BR-376/PR";"Decrescente";"Colisão traseira";1;0;0;0;0;0;0;0;0;0;0;0;1;0;0
"07/11/2025";"21:02:00";"278";"Sem vítima";"523,000";"BR-376/PR";"Crescente";"Tombamento";0;0;1;0;0;0;0;0;0;0;0;0;0;0;0
"07/11/2025";"21:03:00";"279";"Sem vítima";"521,000";"BR-376/PR";"Decrescente";"Engavetamento";0;0;4;0;0;0;0;0;0;0;0;0;0;0;0
"07/11/2025";"21:28:00";"282";"Sem vítima";"237,000";"BR-376/PR";"Crescente";"Choque";0;0;0;0;0;0;0;0;0;1;0;0;0;0;0
"07/11/2025";"23:01:00";"294";"Sem vítima";"380,000";"BR-376/PR";"Decrescente";"Choque";0;0;0;0;0;0;0;1;0;0;0;0;0;0;0
"08/11/2025";"05:40:00";"33";"Sem vítima";"79,000";"445/PR";"Decrescente";"Capotamento";1;0;0;0;0;0;0;0;0;0;0;0;0;0;0
"08/11/2025";"14:18:00";"141";"Sem vítima";"545,000";"BR-376/PR";"Decrescente";"Choque";1;0;0;0;0;0;0;0;0;0;2;0;0;0;0
"08/11/2025";"17:34:00";"178";"Com vítima";"172,700";"BR-373/PR";"Decrescente";"Colisão lateral em sentido contrário";1;0;1;0;0;0;0;0;0;0;2;1;0;0;0
"08/11/2025";"18:35:00";"185";"Com vítima";"73,000";"445/PR";"Decrescente";"Capotamento";1;0;0;0;0;0;0;0;0;0;0;0;1;0;0
"08/11/2025";"19:12:00";"198";"Com vítima";"224,000";"BR-376/PR";"Decrescente";"Colisão traseira";2;0;0;0;0;0;0;0;0;0;0;2;0;0;0
"08/11/2025";"20:59:00";"211";"Com vítima";"347,500";"BR-376/PR";"Decrescente";"Atropelamento de pedestre";1;0;0;0;0;0;0;0;0;0;1;0;0;1;0
"09/11/2025";"02:40:00";"24";"Sem vítima";"549,000";"BR-376/PR";"Crescente";"Colisão frontal";1;0;0;0;0;0;0;0;0;0;0;0;0;0;0
"09/11/2025";"05:05:00";"46";"Sem vítima";"215,000";"BR-376/PR";"Decrescente";"Choque";0;0;0;1;0;0;0;0;0;0;0;0;0;0;0
"09/11/2025";"05:40:00";"52";"Sem vítima";"220,500";"BR-376/PR";"Decrescente";"Choque";1;0;0;0;0;0;0;0;0;0;2;0;0;0;0
"09/11/2025";"08:35:00";"80";"Sem vítima";"84,000";"445/PR";"Crescente";"Choque";1;0;0;0;0;0;0;0;0;0;0;0;0;0;0
"09/11/2025";"12:54:00";"135";"Com vítima";"422,000";"BR-376/PR";"Crescente";"Choque";1;0;0;0;0;0;0;0;0;0;0;1;0;0;0
"09/11/2025";"14:24:00";"148";"Sem vítima";"257,000";"BR-376/PR";"Decrescente";"Colisão transversal";1;0;1;0;0;0;0;0;0;0;0;0;0;0;0
"09/11/2025";"17:45:00";"182";"Sem vítima";"54,000";"323/PR";"Crescente";"Choque";0;0;0;0;0;0;0;1;0;0;1;0;0;0;0
"10/11/2025";"00:48:00";"8";"Com vítima";"287,000";"BR-376/PR";"Crescente";"Choque";1;0;0;0;0;0;0;0;0;0;0;2;0;0;0
"10/11/2025";"14:53:00";"176";"Sem vítima";"489,000";"BR-376/PR";"Decrescente";"Colisão lateral em sentido contrário";1;0;1;0;0;0;0;0;0;0;2;0;0;0;0
"10/11/2025";"18:42:00";"200";"Com vítima";"231,000";"BR-376/PR";"Crescente";"Acidentes de outra natureza";1;0;0;0;0;0;0;0;0;0;0;1;0;0;0
"10/11/2025";"19:39:00";"214";"Com vítima";"483,000";"BR-376/PR";"Crescente";"Colisão lateral em sentido contrário";1;0;0;0;0;0;0;1;0;0;1;3;0;0;0
"11/11/2025";"00:00:00";"255";"Sem vítima";"508,000";"BR-376/PR";"Decrescente";"Choque";1;0;0;0;0;0;0;0;0;0;0;0;0;0;0
"11/11/2025";"07:59:00";"74";"Com vítima";"200,000";"BR-369/PR";"Crescente";"Acidentes de outra natureza";0;0;0;0;0;0;0;1;0;0;0;1;1;0;0
"11/11/2025";"09:50:00";"112";"Com vítima";"184,500";"BR-369/PR";"Decrescente";"Acidentes de outra natureza";1;0;0;1;0;0;0;0;0;0;1;1;0;0;0
"11/11/2025";"11:05:00";"138";"Com vítima";"186,000";"BR-369/PR";"Decrescente";"Acidentes de outra natureza";0;0;0;1;0;0;0;0;0;0;1;0;1;0;0
"11/11/2025";"11:16:00";"141";"Com vítima";"493,000";"BR-376/PR";"Decrescente";"Capotamento";1;0;0;0;0;0;0;0;0;0;0;2;0;0;0
"11/11/2025";"13:11:00";"165";"Sem vítima";"493,000";"BR-376/PR";"Decrescente";"Capotamento";1;0;0;0;0;0;0;0;0;0;0;0;0;0;0
"11/11/2025";"16:17:00";"199";"Com vítima";"321,000";"BR-376/PR";"Decrescente";"Colisão traseira";0;0;2;0;0;0;0;0;0;0;0;1;0;0;0
"11/11/2025";"17:59:00";"214";"Com vítima";"75,000";"445/PR";"Decrescente";"Colisão traseira";1;0;0;1;0;0;0;0;0;0;0;2;0;0;0
"11/11/2025";"19:45:00";"232";"Sem vítima";"183,000";"BR-373/PR";"Crescente";"Colisão lateral em sentido contrário";1;0;1;0;0;0;0;0;0;0;0;0;0;0;0
"11/11/2025";"21:45:00";"246";"Com vítima";"404,400";"BR-376/PR";"Decrescente";"Atropelamento de pedestre";1;0;0;0;0;0;0;0;0;0;0;0;0;0;1
"12/11/2025";"03:56:00";"18";"Com vítima";"29,000";"445/PR";"Decrescente";"Colisão frontal";1;0;0;0;0;0;0;0;0;0;0;0;1;0;0
"12/11/2025";"05:27:00";"28";"Sem vítima";"487,000";"BR-376/PR";"Decrescente";"Tombamento";0;0;0;0;0;0;0;1;0;0;0;0;0;0;0
"12/11/2025";"10:16:00";"120";"Com vítima";"489,000";"BR-376/PR";"Crescente";"Tombamento";0;0;0;1;0;0;0;0;0;0;0;1;0;0;0
"12/11/2025";"16:41:00";"233";"Com vítima";"175,000";"BR-373/PR";"Decrescente";"Colisão lateral em sentido contrário";0;0;1;0;0;0;0;0;0;0;0;0;1;0;0
"12/11/2025";"19:52:00";"265";"Com vítima";"196,000";"BR-369/PR";"Decrescente";"Colisão traseira";1;0;0;0;0;0;0;0;0;1;0;1;0;0;0
"12/11/2025";"21:31:00";"279";"Com vítima";"214,500";"BR-376/PR";"Crescente";"Tombamento";0;0;0;1;0;0;0;0;0;0;0;1;0;0;0
"13/11/2025";"00:26:00";"5";"Com vítima";"73,000";"445/PR";"Crescente";"Choque";0;0;0;0;0;0;0;0;0;1;0;1;0;0;0
"13/11/2025";"06:55:00";"41";"Sem vítima";"325,000";"BR-376/PR";"Decrescente";"Choque";1;0;0;0;0;0;0;0;0;0;0;0;0;0;0
"13/11/2025";"07:57:00";"89";"Com vítima";"200,300";"BR-369/PR";"Crescente";"Tombamento";0;0;0;1;0;0;0;0;0;0;0;1;0;0;0
"13/11/2025";"10:58:00";"153";"Sem vítima";"289,000";"BR-376/PR";"Crescente";"Tombamento";0;0;1;0;0;0;0;0;0;0;1;0;0;0;0
"13/11/2025";"14:32:00";"198";"Com vítima";"227,000";"BR-376/PR";"Decrescente";"Acidentes de outra natureza";0;0;0;0;0;0;0;0;0;1;1;1;0;0;0
"14/11/2025";"00:13:00";"1";"Com vítima";"170,000";"373/PR";"Decrescente";"Atropelamento de pedestre";0;0;0;0;0;0;0;0;0;0;0;0;1;0;0
"14/11/2025";"15:28:00";"188";"Sem vítima";"360,000";"BR-376/PR";"Crescente";"Tombamento";0;0;0;0;0;0;0;1;0;0;1;0;0;0;0
"14/11/2025";"15:56:00";"193";"Sem vítima";"370,000";"BR-376/PR";"Decrescente";"Choque";1;0;0;0;0;0;0;0;0;0;1;0;0;0;0
"14/11/2025";"18:24:00";"213";"Sem vítima";"378,000";"BR-376/PR";"Crescente";"Tombamento";0;0;0;0;0;0;0;1;0;0;1;0;0;0;0
"14/11/2025";"18:58:00";"221";"Com vítima";"83,000";"445/PR";"Crescente";"Acidentes de outra natureza";0;0;0;1;0;0;0;0;0;0;0;1;1;0;0
"14/11/2025";"19:37:00";"232";"Com vítima";"64,000";"445/PR";"Decrescente";"Acidentes de outra natureza";1;0;0;1;0;0;0;0;0;0;0;1;0;0;0