data;horario;n_da_ocorrencia;tipo_de_ocorrencia;km;trecho;sentido;tipo_de_acidente;automovel;bicicleta;caminhao;moto;onibus;outros;tracao_animal;transporte_de_cargas_especiais;trator_maquinas;utilitarios;ilesos;levemente_feridos;moderadamente_feridos;gravemente_feridos;mortos
"14/11/2025";"23:46:00";"262";"Com vítima";"486,000";"BR-376/PR";"Decrescente";"Choque";0;0;0;0;0;0;0;2;0;2;2;0;0;3;0
"15/11/2025";"00:00:00";"206";"Com vítima";"197,000";"BR-369/PR";"Decrescente";"Capotamento";1;0;0;0;0;0;0;0;0;0;0;3;1;0;0
"15/11/2025";"06:09:00";"26";"Com vítima";"199,000";"BR-369/PR";"Decrescente";"Choque";1;0;0;0;0;0;0;0;0;0;0;1;0;0;0
"15/11/2025";"10:09:00";"119";"Com vítima";"297,000";"BR-376/PR";"Crescente";"Tombamento";0;0;0;1;0;0;0;0;0;0;0;1;0;0;0
"15/11/2025";"11:46:00";"143";"Com vítima";"196,000";"BR-369/PR";"Decrescente";"Acidentes de outra natureza";0;0;0;1;0;0;0;0;0;0;0;2;0;0;0
"15/11/2025";"14:07:00";"170";"Sem vítima";"253,000";"BR-376/PR";"Crescente";"Tombamento";0;0;0;0;0;0;0;1;0;0;0;0;0;0;0
"15/11/2025";"14:26:00";"173";"Com vítima";"545,000";"BR-376/PR";"Decrescente";"Capotamento";0;0;0;0;0;0;0;1;0;0;0;1;0;0;0
"15/11/2025";"17:26:00";"190";"Sem vítima";"174,000";"BR-373/PR";"Crescente";"Acidentes de outra natureza";0;0;0;1;0;0;0;0;0;0;0;0;0;0;0
"15/11/2025";"20:03:00";"212";"Com vítima";"302,000";"BR-376/PR";"Crescente";"Tombamento";0;0;0;0;0;0;0;1;0;0;0;0;0;0;1
"15/11/2025";"20:33:00";"214";"Sem vítima";"300,000";"BR-376/PR";"Crescente";"Colisão lateral em sentido contrário";1;0;0;0;0;0;0;1;0;0;0;0;0;0;0
"15/11/2025";"23:53:00";"238";"Sem vítima";"426,000";"BR-376/PR";"Crescente";"Choque";0;0;0;0;0;0;0;0;0;0;0;0;0;0;0
"16/11/2025";"06:08:00";"25";"Com vítima";"404,000";"BR-376/PR";"Crescente";"Choque";1;0;0;0;0;0;0;0;0;0;0;1;0;0;0
"16/11/2025";"07:33:00";"47";"Com vítima";"335,000";"BR-376/PR";"Decrescente";"Tombamento";0;0;1;0;0;0;0;0;0;0;0;1;0;0;0
"16/11/2025";"08:54:00";"60";"Com vítima";"444,000";"BR-376/PR";"Crescente";"Choque";1;0;0;0;0;0;0;0;0;0;0;1;0;0;0
"16/11/2025";"09:06:00";"62";"Sem vítima";"431,000";"BR-376/PR";"Decrescente";"Acidentes de outra natureza";0;0;1;0;0;0;0;0;0;0;0;0;0;0;0
"16/11/2025";"11:15:00";"75";"Com vítima";"178,000";"BR-373/PR";"Crescente";"Colisão traseira";1;0;0;0;0;0;0;0;0;0;0;1;0;0;0
"16/11/2025";"14:07:00";"86";"Com vítima";"440,000";"BR-376/PR";"Decrescente";"Choque";1;0;0;0;0;0;0;0;0;0;0;1;0;0;0
"16/11/2025";"14:07:00";"87";"Sem vítima";"432,000";"BR-376/PR";"Decrescente";"Capotamento";1;0;0;0;0;0;0;0;0;0;0;0;0;0;0
"16/11/2025";"18:05:00";"128";"Com vítima";"547,000";"BR-376/PR";"Crescente";"Acidentes de outra natureza";0;0;0;1;0;0;0;0;0;0;0;1;0;0;0
"16/11/2025";"21:34:00";"158";"Sem vítima";"340,000";"BR-376/PR";"Decrescente";"Choque";0;0;0;0;0;0;0;0;0;0;0;0;0;0;0
"16/11/2025";"22:26:00";"168";"Com vítima";"492,000";"BR-376/PR";"Crescente";"Colisão traseira";1;0;1;0;0;0;0;0;0;0;0;1;0;0;0
"16/11/2025";"23:24:00";"172";"Sem vítima";"222,000";"BR-376/PR";"Decrescente";"Capotamento";0;0;0;0;0;0;0;0;0;1;0;0;0;0;0
"17/11/2025";"06:43:00";"12";"Com vítima";"342,000";"BR-376/PR";"Decrescente";"Choque";1;0;0;0;0;0;0;0;0;0;0;1;0;0;0
"17/11/2025";"06:45:00";"14";"Sem vítima";"439,000";"BR-376/PR";"Crescente";"Choque";1;0;0;0;0;0;0;0;0;0;1;0;0;0;0
"17/11/2025";"08:33:00";"39";"Com vítima";"484,000";"BR-376/PR";"Crescente";"Tombamento";1;0;0;0;0;0;0;0;0;0;0;1;0;0;0
"17/11/2025";"08:59:00";"40";"Com vítima";"183,000";"BR-369/PR";"Crescente";"Colisão traseira";0;0;0;0;0;0;0;0;0;1;0;1;0;0;0
"17/11/2025";"09:21:00";"44";"Com vítima";"441,000";"BR-376/PR";"Crescente";"Colisão lateral em sentido contrário";1;0;1;0;0;0;0;0;0;0;0;1;0;0;0
"17/11/2025";"10:18:00";"52";"Com vítima";"444,000";"BR-376/PR";"Crescente";"Capotamento";0;0;0;0;0;0;0;0;0;1;1;1;0;0;0
"17/11/2025";"10:19:00";"53";"Com vítima";"238,000";"BR-376/PR";"Crescente";"Capotamento";0;0;0;0;0;0;0;0;0;1;0;1;0;0;0
"17/11/2025";"10:38:00";"59";"Sem vítima";"340,000";"BR-376/PR";"Crescente";"Acidentes de outra natureza";0;0;0;0;0;0;0;0;0;1;3;0;0;0;0
"17/11/2025";"10:49:00";"62";"Com vítima";"433,800";"BR-376/PR";"Crescente";"Acidentes de outra natureza";1;0;0;0;0;0;0;0;0;0;0;2;0;0;0
"17/11/2025";"11:03:00";"64";"Com vítima";"444,000";"BR-376/PR";"Decrescente";"Choque";0;0;0;0;0;0;0;0;0;1;1;1;0;0;0
"17/11/2025";"11:51:00";"84";"Sem vítima";"416,000";"BR-376/PR";"Crescente";"Acidentes de outra natureza";1;0;0;0;0;0;0;0;0;0;2;0;0;0;0
"17/11/2025";"12:15:00";"91";"Com vítima";"531,000";"BR-376/PR";"Crescente";"Choque";0;0;1;0;0;0;0;0;0;0;0;1;0;0;0
"17/11/2025";"12:43:00";"96";"Sem vítima";"539,500";"BR-376/PR";"Decrescente";"Acidentes de outra natureza";1;0;0;0;0;0;0;0;0;0;1;0;0;0;0
"17/11/2025";"14:09:00";"126";"Com vítima";"335,000";"BR-376/PR";"Crescente";"Acidentes de outra natureza";1;0;0;0;0;0;0;0;0;0;0;1;0;0;0
"17/11/2025";"14:47:00";"150";"Com vítima";"495,000";"BR-376/PR";"Crescente";"Capotamento";1;0;0;0;0;0;0;0;0;0;0;0;1;0;0
"18/11/2025";"03:17:00";"34";"Sem vítima";"444,000";"BR-376/PR";"Decrescente";"Choque";1;0;0;0;0;0;0;0;0;0;0;0;0;0;0
"18/11/2025";"04:22:00";"45";"Sem vítima";"47,000";"445/PR";"Decrescente";"Tombamento";0;0;0;0;0;0;0;1;0;0;0;0;0;0;0
"18/11/2025";"07:41:00";"101";"Sem vítima";"411,000";"BR-376/PR";"Decrescente";"Choque";1;0;0;0;0;0;0;0;0;0;4;0;0;0;0
"18/11/2025";"08:27:00";"124";"Sem vítima";"320,000";"BR-376/PR";"Crescente";"Tombamento";0;0;0;0;0;0;0;0;0;0;0;0;0;0;0
"18/11/2025";"10:29:00";"172";"Sem vítima";"546,000";"BR-376/PR";"Crescente";"Acidentes de outra natureza";0;0;1;0;0;0;0;0;0;0;1;0;0;0;0
"18/11/2025";"11:52:00";"185";"Sem vítima";"546,000";"BR-376/PR";"Crescente";"Choque";0;0;1;0;0;0;0;0;0;0;1;0;0;0;0
"18/11/2025";"12:12:00";"187";"Com vítima";"497,000";"BR-376/PR";"Crescente";"Acidentes de outra natureza";0;0;0;0;1;0;0;0;0;0;0;2;0;0;0
"18/11/2025";"16:54:00";"230";"Sem vítima";"164,000";"373/PR";"Decrescente";"Colisão traseira";1;0;1;0;0;0;0;0;0;0;3;0;0;0;0
"18/11/2025";"17:28:00";"233";"Sem vítima";"82,000";"445/PR";"Crescente";"Colisão traseira";2;0;0;0;0;0;0;0;0;0;2;0;0;0;0
"18/11/2025";"20:02:00";"250";"Sem vítima";"440,000";"BR-376/PR";"Decrescente";"Choque";0;0;1;0;0;0;0;0;0;0;1;0;0;0;0
"18/11/2025";"22:17:00";"266";"Com vítima";"216,000";"BR-376/PR";"Decrescente";"Choque";1;0;0;0;0;0;0;0;0;0;0;1;0;0;0
"19/11/2025";"08:50:00";"109";"Sem vítima";"68,000";"445/PR";"Decrescente";"Colisão traseira";1;0;0;1;0;0;0;0;0;0;2;0;0;0;0
"19/11/2025";"18:44:00";"236";"Sem vítima";"502,000";"BR-376/PR";"Decrescente";"Acidentes de outra natureza";1;0;0;0;0;0;0;0;0;0;2;0;0;0;0
"19/11/2025";"21:57:00";"269";"Com vítima";"115,000";"170/PR";"Crescente";"Acidentes de outra natureza";0;0;0;1;0;0;0;0;0;0;0;0;1;0;0
"20/11/2025";"13:47:00";"192";"Com vítima";"307,000";"BR-376/PR";"Crescente";"Choque";0;0;0;0;0;0;0;1;0;0;0;1;0;0;0
"20/11/2025";"13:55:00";"195";"Com vítima";"373,000";"BR-376/PR";"Decrescente";"Acidentes de outra natureza";0;0;0;1;0;0;0;0;0;0;0;0;1;0;0
"20/11/2025";"16:11:00";"224";"Com vítima";"283,000";"BR-376/PR";"Decrescente";"Capotamento";1;0;0;0;0;0;0;0;0;0;0;1;0;0;0
"20/11/2025";"20:50:00";"273";"Sem vítima";"169,000";"373/PR";"Crescente";"Choque";1;0;0;0;0;0;0;0;0;0;0;0;0;0;0
"21/11/2025";"00:00:00";"44";"Com vítima";"67,000";"445/PR";"Crescente";"Tombamento";0;0;0;1;0;0;0;0;0;0;0;1;0;0;0
"21/11/2025";"02:18:00";"19";"Sem vítima";"341,800";"BR-376/PR";"Decrescente";"Choque";1;0;0;0;0;0;0;0;0;0;3;0;0;0;0
"21/11/2025";"08:36:00";"105";"Com vítima";"172,000";"BR-373/PR";"Crescente";"Engavetamento";3;0;0;0;0;0;0;0;0;0;0;1;0;0;0
"21/11/2025";"15:02:00";"193";"Com vítima";"170,500";"373/PR";"Crescente";"Choque";1;0;0;0;0;0;0;0;0;0;0;1;0;0;0
"21/11/2025";"20:07:00";"257";"Com vítima";"82,000";"445/PR";"Crescente";"Acidentes de outra natureza";0;0;0;1;0;0;0;0;0;0;0;1;0;0;0
"22/11/2025";"00:00:00";"8";"Com vítima";"165,000";"373/PR";"Crescente";"Atropelamento de pedestre";1;0;0;0;0;0;0;0;0;0;0;1;0;0;0
"22/11/2025";"02:14:00";"17";"Com vítima";"255,000";"BR-376/PR";"Crescente";"Colisão lateral em sentido contrário";0;0;0;0;1;0;0;0;0;1;0;1;0;0;0
"22/11/2025";"08:57:00";"73";"Com vítima";"482,200";"BR-376/PR";"Crescente";"Colisão lateral em sentido contrário";1;0;0;0;0;0;0;1;0;0;1;2;0;0;0
"22/11/2025";"09:22:00";"77";"Com vítima";"84,000";"445/PR";"Decrescente";"Acidentes de outra natureza";0;0;0;1;0;0;0;0;0;0;0;1;0;0;0
"22/11/2025";"09:28:00";"79";"Com vítima";"195,000";"BR-369/PR";"Crescente";"Colisão traseira";1;0;0;1;0;0;0;0;0;0;0;2;0;0;0
"22/11/2025";"20:28:00";"175";"Com vítima";"292,000";"BR-376/PR";"Crescente";"Tombamento";0;0;0;0;0;0;0;1;0;0;0;1;0;0;0
"23/11/2025";"03:46:00";"26";"Sem vítima";"248,000";"BR-376/PR";"Decrescente";"Tombamento";1;0;0;0;0;0;0;0;0;0;0;0;0;0;0
"23/11/2025";"07:27:00";"52";"Sem vítima";"483,500";"BR-376/PR";"Decrescente";"Choque";0;0;0;0;0;0;0;0;0;1;2;0;0;0;0
"23/11/2025";"08:46:00";"69";"Com vítima";"92,000";"445/PR";"Crescente";"Colisão lateral em sentido contrário";1;0;1;0;0;0;0;0;0;0;1;0;1;0;0
"23/11/2025";"14:35:00";"135";"Com vítima";"90,000";"445/PR";"Decrescente";"Colisão frontal";2;0;0;0;0;0;0;0;0;0;0;2;1;0;0
"23/11/2025";"15:27:00";"141";"Sem vítima";"444,000";"BR-376/PR";"Crescente";"Choque";1;0;0;0;0;0;0;0;0;0;1;0;0;0;0
"23/11/2025";"15:54:00";"144";"Sem vítima";"432,000";"BR-376/PR";"Decrescente";"Choque";1;0;0;0;0;0;0;0;0;0;1;0;0;0;0
"23/11/2025";"16:31:00";"149";"Com vítima";"387,000";"BR-376/PR";"Crescente";"Choque";0;0;1;0;0;0;0;0;0;0;0;1;0;0;0
"23/11/2025";"18:15:00";"172";"Com vítima";"507,000";"BR-376/PR";"Decrescente";"Acidentes de outra natureza";0;0;2;0;0;0;0;1;0;0;0;1;0;0;1
"23/11/2025";"18:35:00";"177";"Sem vítima";"464,000";"BR-376/PR";"Crescente";"Acidentes de outra natureza";1;0;0;0;0;0;0;0;0;0;1;0;0;0;0
"23/11/2025";"18:56:00";"183";"Sem vítima";"504,000";"BR-376/PR";"Decrescente";"Acidentes de outra natureza";0;0;0;1;0;0;0;0;0;0;1;0;0;0;0
"23/11/2025";"20:43:00";"200";"Sem vítima";"408,000";"BR-376/PR";"Crescente";"Acidentes de outra natureza";1;0;0;0;0;0;0;0;0;0;1;0;0;0;0
"23/11/2025";"21:04:00";"204";"Com vítima";"431,000";"BR-376/PR";"Crescente";"Capotamento";0;0;0;0;0;0;0;0;0;1;0;1;0;0;0
"23/11/2025";"22:49:00";"218";"Sem vítima";"298,000";"BR-376/PR";"Crescente";"Choque";1;0;0;0;0;0;0;0;0;0;1;0;0;0;0
"24/11/2025";"02:08:00";"9";"Com vítima";"541,000";"BR-376/PR";"Crescente";"Colisão frontal";2;0;0;0;0;0;0;0;0;0;3;1;0;0;0
"24/11/2025";"05:08:00";"27";"Sem vítima";"519,000";"BR-376/PR";"Decrescente";"Acidentes de outra natureza";0;0;0;0;0;0;0;1;0;0;0;0;0;0;0
"24/11/2025";"08:46:00";"98";"Sem vítima";"340,000";"BR-376/PR";"Crescente";"Choque";0;0;0;0;0;0;0;0;0;1;1;0;0;0;0
"24/11/2025";"09:33:00";"105";"Com vítima";"55,000";"445/PR";"Decrescente";"Choque";1;0;0;0;0;0;0;0;0;0;0;1;0;0;0
"24/11/2025";"10:42:00";"120";"Sem vítima";"370,000";"BR-376/PR";"Decrescente";"Acidentes de outra natureza";1;0;0;0;0;0;0;0;0;0;1;0;0;0;0
"24/11/2025";"15:32:00";"179";"Sem vítima";"185,000";"BR-369/PR";"Decrescente";"Engavetamento";3;0;0;0;0;0;0;0;0;0;3;0;0;0;0
"25/11/2025";"09:54:00";"114";"Sem vítima";"294,000";"BR-376/PR";"Decrescente";"Colisão lateral em sentido contrário";1;0;0;0;0;0;0;0;0;0;2;0;0;0;0
"25/11/2025";"14:05:00";"165";"Com vítima";"380,000";"90/PR";"Decrescente";"Capotamento";1;0;0;0;0;0;0;0;0;0;0;1;0;0;0
"25/11/2025";"17:48:00";"203";"Sem vítima";"485,000";"BR-376/PR";"Decrescente";"Colisão traseira";1;0;1;0;0;0;0;0;0;0;0;0;0;0;0
"26/11/2025";"01:51:00";"8";"Com vítima";"434,151";"BR-376/PR";"Decrescente";"Tombamento";0;0;1;0;0;0;0;0;0;0;0;1;0;0;0
"26/11/2025";"08:41:00";"64";"Sem vítima";"426,000";"BR-376/PR";"Crescente";"Choque";2;0;0;0;0;0;0;0;0;0;0;0;0;0;0
"26/11/2025";"17:02:00";"188";"Com vítima";"240,000";"BR-376/PR";"Crescente";"Acidentes de outra natureza";0;0;0;1;0;0;0;0;0;0;0;1;0;0;0
"26/11/2025";"23:15:00";"248";"Sem vítima";"457,500";"BR-376/PR";"Crescente";"Colisão traseira";0;0;2;0;0;0;0;0;0;0;0;0;0;0;0
"27/11/2025";"00:01:00";"1";"Sem vítima";"518,000";"BR-376/PR";"Crescente";"Colisão traseira";0;0;1;0;0;0;0;1;0;0;0;0;0;0;0
"27/11/2025";"07:45:00";"71";"Sem vítima";"490,000";"BR-376/PR";"Crescente";"Colisão lateral em sentido contrário";1;0;1;0;0;0;0;0;0;0;2;0;0;0;0
"27/11/2025";"17:10:00";"210";"Sem vítima";"311,000";"BR-376/PR";"Crescente";"Colisão lateral em sentido contrário";0;0;1;0;0;0;0;2;0;0;3;0;0;0;0
"27/11/2025";"22:48:00";"263";"Sem vítima";"44,000";"323/PR";"Decrescente";"Acidentes de outra natureza";1;0;0;0;0;0;0;0;0;0;0;0;0;0;0
"27/11/2025";"23:52:00";"267";"Com vítima";"221,000";"BR-376/PR";"Crescente";"Acidentes de outra natureza";0;0;0;1;0;0;0;0;0;0;0;0;1;0;0
"28/11/2025";"04:48:00";"32";"Sem vítima";"443,000";"BR-376/PR";"Decrescente";"Tombamento";0;0;1;0;0;0;0;0;0;0;1;0;0;0;0
"28/11/2025";"06:28:00";"47";"Sem vítima";"33,000";"445/PR";"Decrescente";"Choque";1;0;0;0;0;0;0;0;0;0;1;0;0;0;0
"28/11/2025";"06:37:00";"52";"Sem vítima";"507,000";"BR-376/PR";"Decrescente";"Choque";1;0;0;0;0;0;0;0;0;0;1;0;0;0;0
"28/11/2025";"12:43:00";"154";"Com vítima";"40,000";"323/PR";"Decrescente";"Colisão lateral em sentido contrário";1;0;0;0;0;0;0;1;0;0;0;0;2;0;0
"28/11/2025";"14:29:00";"172";"Com vítima";"187,000";"BR-369/PR";"Crescente";"Engavetamento";3;0;0;0;0;0;0;0;0;0;4;1;0;0;0
"28/11/2025";"18:14:00";"208";"Com vítima";"185,000";"BR-369/PR";"Decrescente";"Colisão lateral em sentido contrário";1;0;0;1;0;0;0;0;0;0;0;0;1;1;0
"29/11/2025";"01:58:00";"13";"Sem vítima";"209,500";"BR-376/PR";"Decrescente";"Capotamento";1;0;0;0;0;0;0;0;0;0;0;0;0;0;0
"29/11/2025";"05:53:00";"33";"Sem vítima";"437,000";"BR-376/PR";"Decrescente";"Tombamento";0;0;1;0;0;0;0;0;0;0;0;0;0;0;0
"29/11/2025";"06:20:00";"35";"Com vítima";"181,000";"BR-373/PR";"Crescente";"Colisão traseira";1;0;1;0;0;0;0;0;0;0;0;1;0;0;0
"29/11/2025";"08:20:00";"74";"Sem vítima";"531,000";"BR-376/PR";"Crescente";"Colisão lateral em sentido contrário";0;0;1;0;0;0;0;0;0;0;0;0;0;0;0
"29/11/2025";"09:25:00";"91";"Com vítima";"173,500";"BR-373/PR";"Crescente";"Colisão lateral em sentido contrário";0;0;0;1;0;0;0;1;0;0;1;1;0;0;0
"29/11/2025";"09:38:00";"94";"Com vítima";"496,000";"BR-376/PR";"Decrescente";"Capotamento";1;0;0;0;0;0;0;0;0;0;1;1;0;0;0
"29/11/2025";"21:28:00";"223";"Com vítima";"43,000";"445/PR";"Decrescente";"Colisão lateral em sentido contrário";0;0;0;0;0;0;0;1;0;1;0;1;0;0;0
"30/11/2025";"02:26:00";"15";"Sem vítima";"197,000";"BR-369/PR";"Decrescente";"Choque";1;0;0;0;0;0;0;0;0;0;0;0;0;0;0
"30/11/2025";"03:34:00";"20";"Sem vítima";"92,500";"445/PR";"Decrescente";"Atropelamento de animal";0;0;0;0;0;0;0;0;0;1;0;0;0;0;0
"30/11/2025";"04:52:00";"28";"Sem vítima";"544,000";"BR-376/PR";"Decrescente";"Choque";1;0;0;0;0;0;0;0;0;0;0;0;0;0;0
"30/11/2025";"13:46:00";"112";"Com vítima";"35,000";"323/PR";"Crescente";"Colisão lateral em sentido contrário";1;0;1;0;0;0;0;0;0;0;1;1;0;0;0
"01/12/2025";"09:44:00";"128";"Sem vítima";"522,000";"BR-376/PR";"Crescente";"Colisão traseira";0;0;0;0;0;0;0;0;0;1;3;0;0;0;0
"01/12/2025";"10:57:00";"145";"Com vítima";"519,000";"BR-376/PR";"Decrescente";"Capotamento";1;0;0;0;0;0;0;0;0;0;0;2;0;0;0
"01/12/2025";"11:16:00";"155";"Com vítima";"369,000";"BR-376/PR";"Decrescente";"Capotamento";1;0;0;0;0;0;0;0;0;0;0;2;0;0;0
"01/12/2025";"11:29:00";"156";"Com vítima";"378,000";"BR-376/PR";"Crescente";"Capotamento";1;0;0;0;0;0;0;0;0;0;0;1;0;0;0
"01/12/2025";"11:31:00";"158";"Sem vítima";"441,000";"BR-376/PR";"Decrescente";"Acidentes de outra natureza";1;0;0;0;0;0;0;0;0;0;1;0;0;0;0
"01/12/2025";"12:42:00";"163";"Sem vítima";"178,000";"BR-373/PR";"Crescente";"Colisão lateral em sentido contrário";1;0;0;0;0;0;0;0;0;1;3;0;0;0;0
"01/12/2025";"13:38:00";"169";"Com vítima";"439,000";"BR-376/PR";"Crescente";"Capotamento";1;0;0;0;0;0;0;0;0;0;0;0;1;1;0
"01/12/2025";"13:51:00";"171";"Sem vítima";"464,000";"BR-376/PR";"Decrescente";"Colisão traseira";1;0;0;0;0;0;0;0;0;0;2;0;0;0;0
"01/12/2025";"14:40:00";"173";"Sem vítima";"464,000";"BR-376/PR";"Decrescente";"Tombamento";1;0;0;0;0;0;0;0;0;0;1;0;0;0;0
"01/12/2025";"14:51:00";"176";"Com vítima";"464,000";"BR-376/PR";"Crescente";"Choque";1;0;0;0;0;0;0;0;0;0;1;0;0;1;0
"01/12/2025";"20:11:00";"228";"Com vítima";"279,700";"BR-376/PR";"Crescente";"Colisão traseira";0;0;0;1;0;0;0;1;0;0;0;1;0;0;0
"02/12/2025";"00:00:00";"8";"Sem vítima";"430,000";"BR-376/PR";"Crescente";"Choque";0;0;1;0;0;0;0;0;0;0;1;0;0;0;0
"02/12/2025";"06:24:00";"26";"Com vítima";"256,000";"BR-376/PR";"Decrescente";"Tombamento";0;0;0;1;0;0;0;0;0;0;0;2;0;0;0
"02/12/2025";"12:04:00";"145";"Com vítima";"15,000";"323/PR";"Decrescente";"Colisão lateral em sentido contrário";0;0;1;0;0;0;0;0;0;1;4;2;0;0;0
"03/12/2025";"00:00:00";"217";"Com vítima";"194,000";"BR-369/PR";"Decrescente";"Colisão traseira";2;0;0;0;0;0;0;0;0;0;0;2;1;0;0
"03/12/2025";"07:10:00";"56";"Sem vítima";"43,000";"323/PR";"Decrescente";"Choque";0;0;0;0;0;0;0;0;0;1;1;0;0;0;0
"03/12/2025";"13:03:00";"160";"Sem vítima";"366,000";"BR-376/PR";"Decrescente";"Tombamento";0;0;0;0;0;0;0;0;0;1;1;0;0;0;0
"03/12/2025";"17:15:00";"202";"Com vítima";"392,000";"BR-376/PR";"Decrescente";"Colisão traseira";0;0;0;0;0;0;0;0;0;2;6;1;0;0;0
"03/12/2025";"19:36:00";"212";"Com vítima";"288,000";"BR-376/PR";"Crescente";"Colisão frontal";0;0;0;1;0;0;0;0;0;0;0;2;0;0;0
"03/12/2025";"20:56:00";"223";"Sem vítima";"282,000";"BR-376/PR";"Crescente";"Atropelamento de animal";1;0;0;0;0;0;0;0;0;0;0;0;0;0;0
"04/12/2025";"00:11:00";"1";"Sem vítima";"64,000";"445/PR";"Crescente";"Choque";1;0;0;0;0;0;0;0;0;0;1;0;0;0;0
"04/12/2025";"07:15:00";"51";"Sem vítima";"547,300";"BR-376/PR";"Decrescente";"Tombamento";0;0;0;0;0;0;0;0;0;0;0;0;0;0;0
"04/12/2025";"14:51:00";"180";"Com vítima";"189,000";"BR-369/PR";"Decrescente";"Engavetamento";0;0;0;0;0;0;0;0;0;1;0;2;0;0;0
"05/12/2025";"06:04:00";"25";"Com vítima";"183,000";"BR-373/PR";"Decrescente";"Atropelamento de pedestre";0;1;0;0;0;0;0;0;0;0;0;1;0;0;0
"05/12/2025";"12:43:00";"154";"Com vítima";"248,000";"BR-376/PR";"Decrescente";"Tombamento";0;0;1;0;0;0;0;0;0;0;0;1;0;0;0
"05/12/2025";"13:06:00";"161";"Sem vítima";"542,000";"BR-376/PR";"Decrescente";"Capotamento";1;0;0;0;0;0;0;0;0;0;2;0;0;0;0
"05/12/2025";"15:38:00";"181";"Sem vítima";"499,000";"BR-376/PR";"Decrescente";"Colisão traseira";0;0;0;0;0;0;0;1;0;0;1;0;0;0;0
"05/12/2025";"16:14:00";"184";"Com vítima";"515,000";"BR-376/PR";"Decrescente";"Colisão traseira";1;0;0;0;0;0;0;0;0;0;0;1;1;0;0
"05/12/2025";"18:21:00";"200";"Sem vítima";"83,000";"445/PR";"Decrescente";"Colisão traseira";1;0;1;0;0;0;0;0;0;0;0;0;0;0;0
"05/12/2025";"18:52:00";"204";"Sem vítima";"25,000";"445/PR";"Crescente";"Choque";0;0;0;0;0;0;0;0;0;1;0;0;0;0;0
"05/12/2025";"19:25:00";"210";"Com vítima";"388,000";"90/PR";"Crescente";"Acidentes de outra natureza";0;0;0;1;0;0;0;0;0;0;0;2;0;0;0
"05/12/2025";"19:33:00";"211";"Com vítima";"229,000";"BR-376/PR";"Decrescente";"Acidentes de outra natureza";0;0;0;1;0;0;0;0;0;0;0;1;0;0;0
"05/12/2025";"19:49:00";"214";"Com vítima";"498,000";"BR-376/PR";"Decrescente";"Capotamento";1;0;0;0;0;0;0;0;0;0;0;3;0;0;0
"06/12/2025";"00:00:00";"95";"Sem vítima";"27,000";"445/PR";"Decrescente";"Colisão traseira";1;0;1;0;0;0;0;0;0;0;1;0;0;0;0
"06/12/2025";"00:00:00";"96";"Sem vítima";"174,000";"BR-373/PR";"Decrescente";"Colisão lateral em sentido contrário";2;0;0;0;0;0;0;0;0;0;6;0;0;0;0
"06/12/2025";"12:52:00";"104";"Sem vítima";"35,000";"323/PR";"Decrescente";"Colisão lateral em sentido contrário";1;0;0;1;0;0;0;0;0;0;1;0;0;0;0
"07/12/2025";"01:44:00";"13";"Com vítima";"345,000";"BR-376/PR";"Decrescente";"Acidentes de outra natureza";0;0;0;1;0;0;0;0;0;0;0;1;0;0;0
"07/12/2025";"02:30:00";"19";"Sem vítima";"74,000";"445/PR";"Crescente";"Colisão lateral em sentido contrário";2;0;0;0;0;0;0;0;0;0;1;0;0;0;0
"07/12/2025";"09:37:00";"60";"Com vítima";"301,000";"BR-376/PR";"Crescente";"Acidentes de outra natureza";0;0;0;1;0;0;0;0;0;0;0;1;0;0;0
"07/12/2025";"09:55:00";"66";"Com vítima";"336,000";"BR-376/PR";"Decrescente";"Choque";1;0;0;0;0;0;0;0;0;0;2;1;0;0;0
"07/12/2025";"13:56:00";"89";"Com vítima";"189,002";"BR-369/PR";"Crescente";"Engavetamento";3;0;0;0;0;0;0;0;0;0;4;1;0;0;0