data;horario;n_da_ocorrencia;tipo_de_ocorrencia;km;trecho;sentido;tipo_de_acidente;automovel;bicicleta;caminhao;moto;onibus;outros;tracao_animal;transporte_de_cargas_especiais;trator_maquinas;utilitarios;ilesos;levemente_feridos;moderadamente_feridos;gravemente_feridos;mortos
"07/12/2025";"20:30:00";"158";"Sem vítima";"486,000";"BR-376/PR";"Decrescente";"Choque";1;0;0;1;0;0;0;0;0;0;1;0;0;0;0
"08/12/2025";"00:00:00";"253";"Sem vítima";"247,000";"BR-376/PR";"Decrescente";"Choque";1;0;0;0;0;0;0;0;0;0;0;0;0;0;0
"08/12/2025";"15:25:00";"180";"Sem vítima";"458,000";"BR-376/PR";"Crescente";"Choque";0;0;0;0;0;0;0;1;0;0;1;0;0;0;0
"08/12/2025";"16:28:00";"198";"Com vítima";"485,000";"BR-376/PR";"Crescente";"Choque";0;0;1;0;0;0;0;0;0;0;0;0;1;0;0
"08/12/2025";"17:39:00";"218";"Sem vítima";"73,000";"445/PR";"Crescente";"Colisão frontal";1;0;0;0;0;0;0;0;0;0;1;0;0;0;0
"08/12/2025";"19:33:00";"232";"Sem vítima";"546,000";"BR-376/PR";"Crescente";"Engavetamento";0;0;0;0;0;0;0;3;0;0;3;0;0;0;0
"08/12/2025";"20:33:00";"245";"Com vítima";"370,000";"BR-376/PR";"Crescente";"Colisão lateral em sentido contrário";1;0;1;0;0;0;0;0;0;0;1;1;0;0;0
"08/12/2025";"21:15:00";"250";"Sem vítima";"467,000";"BR-376/PR";"Crescente";"Acidentes de outra natureza";1;0;0;0;0;0;0;0;0;0;1;0;0;0;0
"08/12/2025";"23:41:00";"263";"Sem vítima";"257,000";"BR-376/PR";"Crescente";"Colisão traseira";2;0;0;0;0;0;0;0;0;0;3;0;0;0;0
"09/12/2025";"00:00:00";"36";"Com vítima";"343,000";"BR-376/PR";"Decrescente";"Colisão frontal";1;0;2;0;0;0;0;0;0;0;0;0;1;0;0
"09/12/2025";"00:00:00";"5";"Com vítima";"40,000";"445/PR";"Crescente";"Tombamento";1;0;0;0;0;0;0;0;0;0;0;1;0;0;0
"09/12/2025";"00:00:00";"47";"Sem vítima";"176,000";"BR-373/PR";"Decrescente";"Colisão traseira";1;0;0;0;0;0;0;0;0;0;0;0;0;0;0
"09/12/2025";"01:52:00";"11";"Com vítima";"374,000";"BR-376/PR";"Decrescente";"Tombamento";0;0;1;0;0;0;0;0;0;0;0;1;0;0;0
"09/12/2025";"04:57:00";"18";"Sem vítima";"24,000";"445/PR";"Decrescente";"Acidentes de outra natureza";0;0;0;0;0;0;0;1;0;0;1;0;0;0;0
"09/12/2025";"07:09:00";"31";"Sem vítima";"440,000";"BR-376/PR";"Decrescente";"Choque";1;0;0;0;0;0;0;0;0;0;2;0;0;0;0
"09/12/2025";"07:14:00";"34";"Com vítima";"444,000";"BR-376/PR";"Crescente";"Choque";1;0;0;0;0;0;0;0;0;0;0;1;0;0;0
"09/12/2025";"07:26:00";"37";"Sem vítima";"73,001";"445/PR";"Crescente";"Engavetamento";1;0;0;0;0;0;0;0;0;0;0;0;0;0;0
"09/12/2025";"07:54:00";"46";"Sem vítima";"39,000";"445/PR";"Crescente";"Choque";1;0;0;0;0;0;0;0;0;0;2;0;0;0;0
"09/12/2025";"09:21:00";"64";"Sem vítima";"10,000";"445/PR";"Decrescente";"Choque";1;0;0;0;0;0;0;0;0;0;1;0;0;0;0
"09/12/2025";"09:52:00";"69";"Sem vítima";"458,000";"BR-376/PR";"Crescente";"Colisão traseira";0;0;0;0;0;0;0;2;0;0;2;0;0;0;0
"09/12/2025";"10:07:00";"74";"Com vítima";"370,000";"BR-376/PR";"Decrescente";"Choque";1;0;0;0;0;0;0;0;0;0;3;2;0;0;0
"09/12/2025";"11:26:00";"85";"Com vítima";"432,000";"BR-376/PR";"Crescente";"Choque";1;0;0;0;0;0;0;0;0;0;3;2;0;0;0
"09/12/2025";"12:05:00";"125";"Sem vítima";"434,000";"BR-376/PR";"Crescente";"Choque";0;0;0;0;0;0;0;0;0;1;3;0;0;0;0
"09/12/2025";"13:47:00";"111";"Sem vítima";"441,000";"BR-376/PR";"Crescente";"Choque";1;0;0;0;0;0;0;0;0;0;3;0;0;0;0
"09/12/2025";"14:03:00";"112";"Sem vítima";"348,000";"BR-376/PR";"Decrescente";"Choque";1;0;0;0;0;0;0;0;0;0;0;0;0;0;0
"09/12/2025";"14:39:00";"118";"Com vítima";"440,000";"BR-376/PR";"Decrescente";"Acidentes de outra natureza";0;0;0;0;0;0;0;0;0;1;0;1;0;0;0
"09/12/2025";"15:50:00";"134";"Sem vítima";"432,000";"BR-376/PR";"Crescente";"Choque";1;0;0;0;0;0;0;0;0;0;2;0;0;0;0
"09/12/2025";"17:00:00";"150";"Com vítima";"495,000";"BR-376/PR";"Crescente";"Colisão traseira";1;0;0;1;0;0;0;0;0;0;0;1;1;0;0
"09/12/2025";"17:04:00";"151";"Sem vítima";"221,000";"BR-376/PR";"Crescente";"Tombamento";0;0;1;0;0;0;0;0;0;0;0;0;0;0;0
"09/12/2025";"18:13:00";"163";"Sem vítima";"491,000";"BR-376/PR";"Decrescente";"Colisão traseira";0;0;2;0;0;0;0;0;0;0;0;0;0;0;0
"09/12/2025";"20:14:00";"189";"Com vítima";"69,000";"445/PR";"Crescente";"Engavetamento";1;0;0;1;0;0;0;0;0;1;0;1;0;0;0
"10/12/2025";"00:00:00";"32";"Sem vítima";"378,000";"BR-376/PR";"Decrescente";"Colisão lateral em sentido contrário";1;0;1;0;0;0;0;0;0;0;2;0;0;0;0
"10/12/2025";"00:00:00";"78";"Sem vítima";"366,000";"BR-376/PR";"Crescente";"Colisão lateral em sentido contrário";1;0;0;0;0;0;0;0;0;0;1;0;0;0;0
"10/12/2025";"09:41:00";"72";"Sem vítima";"337,000";"BR-376/PR";"Crescente";"Tombamento";0;0;1;0;0;0;0;0;0;0;1;0;0;0;0
"10/12/2025";"11:23:00";"99";"Com vítima";"253,000";"BR-376/PR";"Crescente";"Colisão frontal";1;0;0;0;0;0;0;1;0;0;0;0;1;1;0
"10/12/2025";"11:33:00";"101";"Com vítima";"33,000";"323/PR";"Decrescente";"Engavetamento";0;0;0;0;0;0;0;2;0;1;0;0;0;2;0
"10/12/2025";"15:42:00";"152";"Com vítima";"519,000";"BR-376/PR";"Crescente";"Colisão traseira";0;0;0;1;0;0;0;0;0;0;0;1;0;0;0
"11/12/2025";"00:00:00";"244";"Com vítima";"223,000";"BR-376/PR";"Decrescente";"Colisão traseira";1;0;0;0;0;0;0;0;0;0;0;1;0;0;0
"11/12/2025";"00:00:00";"262";"Sem vítima";"66,000";"445/PR";"Decrescente";"Choque";0;0;1;0;0;0;0;0;0;0;1;0;0;0;0
"11/12/2025";"00:31:00";"4";"Com vítima";"370,000";"BR-376/PR";"Crescente";"Choque";0;0;1;0;0;0;0;0;0;0;0;1;0;0;0
"11/12/2025";"00:43:00";"5";"Com vítima";"72,000";"445/PR";"Crescente";"Colisão traseira";0;0;0;2;0;0;0;0;0;0;0;1;0;0;0
"11/12/2025";"12:31:00";"146";"Sem vítima";"545,000";"BR-376/PR";"Crescente";"Engavetamento";0;0;0;0;0;0;0;0;0;0;0;0;0;0;0
"11/12/2025";"15:36:00";"183";"Sem vítima";"338,700";"BR-376/PR";"Crescente";"Colisão traseira";0;0;2;0;0;0;0;0;0;0;2;0;0;0;0
"11/12/2025";"18:31:00";"223";"Sem vítima";"517,000";"BR-376/PR";"Crescente";"Capotamento";0;0;1;0;0;0;0;0;0;0;1;0;0;0;0
"12/12/2025";"00:00:00";"50";"Sem vítima";"231,100";"BR-376/PR";"Decrescente";"Choque";1;0;0;0;0;0;0;0;0;0;1;0;0;0;0
"12/12/2025";"03:44:00";"12";"Com vítima";"425,000";"BR-376/PR";"Decrescente";"Choque";0;0;0;0;0;0;0;1;0;0;0;0;0;0;1
"12/12/2025";"07:53:00";"53";"Com vítima";"385,000";"BR-376/PR";"Decrescente";"Capotamento";1;0;0;0;0;0;0;0;0;0;0;1;0;0;0
"12/12/2025";"08:42:00";"63";"Com vítima";"370,000";"BR-376/PR";"Crescente";"Choque";1;0;0;0;0;0;0;0;0;0;0;2;1;0;0
"12/12/2025";"10:50:00";"93";"Com vítima";"432,700";"BR-376/PR";"Crescente";"Choque";1;0;0;0;0;0;0;0;0;0;1;1;0;0;0
"12/12/2025";"10:51:00";"94";"Sem vítima";"434,600";"BR-376/PR";"Decrescente";"Choque";1;0;0;0;0;0;0;0;0;0;1;0;0;0;0
"12/12/2025";"13:49:00";"125";"Com vítima";"443,000";"BR-376/PR";"Crescente";"Choque";1;0;0;0;0;0;0;0;0;0;0;1;0;0;0
"12/12/2025";"14:13:00";"133";"Sem vítima";"186,000";"BR-369/PR";"Crescente";"Colisão lateral em sentido contrário";1;0;1;0;0;0;0;0;0;0;2;0;0;0;0
"12/12/2025";"14:32:00";"136";"Sem vítima";"467,000";"BR-376/PR";"Decrescente";"Tombamento";1;0;0;0;0;0;0;0;0;0;1;0;0;0;0
"12/12/2025";"15:08:00";"142";"Sem vítima";"488,000";"BR-376/PR";"Decrescente";"Colisão transversal";0;0;0;0;0;0;0;0;0;0;0;0;0;0;0
"12/12/2025";"15:12:00";"143";"Com vítima";"366,000";"BR-376/PR";"Decrescente";"Colisão lateral em sentido contrário";2;0;0;0;0;0;0;0;0;0;0;0;2;1;0
"12/12/2025";"15:51:00";"127";"Sem vítima";"322,000";"BR-376/PR";"Decrescente";"Capotamento";1;0;0;0;0;0;0;0;0;0;1;0;0;0;0
"12/12/2025";"15:51:00";"149";"Sem vítima";"489,000";"BR-376/PR";"Decrescente";"Colisão lateral em sentido contrário";0;0;0;0;0;0;0;0;0;0;0;0;0;0;0
"12/12/2025";"17:16:00";"164";"Sem vítima";"521,000";"BR-376/PR";"Decrescente";"Choque";1;0;0;0;0;0;0;0;0;0;1;0;0;0;0
"12/12/2025";"18:21:00";"172";"Sem vítima";"525,000";"BR-376/PR";"Crescente";"Acidentes de outra natureza";1;0;0;0;0;0;0;0;0;0;0;0;0;0;0
"12/12/2025";"18:31:00";"173";"Sem vítima";"396,000";"BR-376/PR";"Crescente";"Capotamento";1;0;0;0;0;0;0;0;0;0;1;0;0;0;0
"12/12/2025";"21:30:00";"200";"Com vítima";"443,000";"BR-376/PR";"Crescente";"Choque";0;0;0;0;0;0;0;0;0;1;0;1;1;0;0
"12/12/2025";"22:47:00";"117";"Sem vítima";"394,000";"BR-376/PR";"Decrescente";"Acidentes de outra natureza";1;0;0;0;0;0;0;0;0;0;1;0;0;0;0
"12/12/2025";"23:43:00";"215";"Sem vítima";"26,000";"445/PR";"Crescente";"Acidentes de outra natureza";1;0;0;0;0;0;0;0;0;0;1;0;0;0;0
"13/12/2025";"00:00:00";"23";"Sem vítima";"324,000";"BR-376/PR";"Decrescente";"Choque";1;0;0;0;0;0;0;0;0;0;1;0;0;0;0
"13/12/2025";"01:09:00";"3";"Com vítima";"484,700";"BR-376/PR";"Decrescente";"Acidentes de outra natureza";1;0;0;0;0;0;0;0;0;0;0;1;0;0;0
"13/12/2025";"08:01:00";"47";"Com vítima";"238,000";"BR-376/PR";"Crescente";"Colisão frontal";3;0;0;0;0;0;0;0;0;0;0;4;0;0;0
"13/12/2025";"11:47:00";"207";"Sem vítima";"75,000";"445/PR";"Crescente";"Acidentes de outra natureza";1;0;0;0;0;0;0;0;0;0;0;0;0;0;0
"13/12/2025";"11:54:00";"108";"Sem vítima";"281,000";"BR-376/PR";"Crescente";"Choque";1;0;0;0;0;0;0;0;0;0;0;0;0;0;0
"13/12/2025";"12:41:00";"113";"Sem vítima";"33,000";"445/PR";"Decrescente";"Choque";1;0;0;0;0;0;0;0;0;0;0;0;0;0;0
"13/12/2025";"13:32:00";"122";"Sem vítima";"444,000";"BR-376/PR";"Crescente";"Tombamento";0;0;0;0;0;0;0;1;0;0;1;0;0;0;0
"13/12/2025";"16:45:00";"152";"Sem vítima";"516,200";"BR-376/PR";"Decrescente";"Colisão traseira";0;0;0;0;0;0;0;1;0;0;0;0;0;0;0
"13/12/2025";"16:47:00";"154";"Sem vítima";"348,600";"BR-376/PR";"Crescente";"Choque";1;0;0;0;0;0;0;0;0;0;0;0;0;0;0
"13/12/2025";"19:34:00";"174";"Com vítima";"239,000";"BR-376/PR";"Crescente";"Colisão traseira";1;0;0;1;0;0;0;0;0;0;0;1;0;0;0
"13/12/2025";"23:53:00";"215";"Com vítima";"245,000";"BR-376/PR";"Crescente";"Acidentes de outra natureza";0;0;0;1;0;0;0;0;0;0;0;0;1;0;0
"14/12/2025";"00:00:00";"37";"Com vítima";"439,000";"BR-376/PR";"Crescente";"Choque";1;0;0;0;0;0;0;0;0;0;2;1;2;0;0
"14/12/2025";"08:33:00";"44";"Sem vítima";"311,700";"BR-376/PR";"Crescente";"Tombamento";0;0;0;0;0;0;0;1;0;0;0;0;0;0;0
"14/12/2025";"10:06:00";"60";"Sem vítima";"444,000";"BR-376/PR";"Crescente";"Choque";1;0;0;0;0;0;0;0;0;0;1;0;0;0;0
"14/12/2025";"13:33:00";"93";"Com vítima";"378,000";"BR-376/PR";"Crescente";"Choque";0;0;0;0;0;0;0;0;0;1;1;1;0;0;0
"14/12/2025";"15:07:00";"108";"Com vítima";"525,000";"BR-376/PR";"Decrescente";"Atropelamento de pedestre";0;0;0;0;0;0;0;0;0;1;0;0;0;0;1
"14/12/2025";"15:11:00";"110";"Sem vítima";"432,000";"BR-376/PR";"Crescente";"Choque";1;0;0;0;0;0;0;0;0;0;3;0;0;0;0
"14/12/2025";"16:01:00";"115";"Sem vítima";"302,000";"BR-376/PR";"Decrescente";"Choque";1;0;0;0;0;0;0;0;0;0;2;0;0;0;0
"14/12/2025";"17:07:00";"127";"Sem vítima";"378,000";"BR-376/PR";"Crescente";"Choque";0;0;0;0;0;0;0;0;0;1;1;0;0;0;0
"14/12/2025";"17:21:00";"128";"Sem vítima";"497,000";"BR-376/PR";"Decrescente";"Tombamento";0;0;1;0;0;0;0;0;0;0;1;0;0;0;0
"14/12/2025";"17:47:00";"133";"Sem vítima";"440,000";"BR-376/PR";"Decrescente";"Choque";1;0;0;0;0;0;0;0;0;0;0;0;0;0;0
"14/12/2025";"18:47:00";"143";"Sem vítima";"434,000";"BR-376/PR";"Crescente";"Acidentes de outra natureza";1;0;0;0;0;0;0;0;0;0;0;0;0;0;0
"14/12/2025";"19:43:00";"157";"Sem vítima";"444,000";"BR-376/PR";"Decrescente";"Choque";1;0;0;0;0;0;0;0;0;0;0;0;0;0;0
"14/12/2025";"22:53:00";"192";"Sem vítima";"389,000";"90/PR";"Decrescente";"Choque";1;0;0;0;0;0;0;0;0;0;0;0;0;0;0
"15/12/2025";"01:04:00";"11";"Com vítima";"247,000";"BR-376/PR";"Crescente";"Choque";1;0;0;0;0;0;0;0;0;0;3;1;0;0;0
"15/12/2025";"11:46:00";"184";"Sem vítima";"510,000";"BR-376/PR";"Decrescente";"Colisão frontal";1;0;0;0;0;0;0;1;0;0;4;0;0;0;0
"15/12/2025";"17:24:00";"257";"Sem vítima";"183,000";"BR-373/PR";"Crescente";"Tombamento";0;0;0;0;0;0;0;1;0;0;1;0;0;0;0
"15/12/2025";"20:24:00";"290";"Com vítima";"419,000";"BR-376/PR";"Decrescente";"Tombamento";0;0;0;0;0;0;0;1;0;0;0;0;0;0;1
"15/12/2025";"21:59:00";"307";"Sem vítima";"93,000";"445/PR";"Crescente";"Acidentes de outra natureza";1;0;0;0;0;0;0;0;0;0;0;0;0;0;0
"16/12/2025";"06:28:00";"28";"Sem vítima";"379,000";"BR-376/PR";"Crescente";"Capotamento";1;0;0;0;0;0;0;0;0;0;2;0;0;0;0
"16/12/2025";"10:09:00";"111";"Com vítima";"68,000";"445/PR";"Decrescente";"Colisão traseira";1;0;1;0;0;0;0;0;0;0;1;1;0;0;0
"17/12/2025";"07:20:00";"59";"Com vítima";"310,000";"BR-376/PR";"Decrescente";"Tombamento";0;0;0;0;0;0;0;1;0;0;0;1;0;0;0
"17/12/2025";"09:26:00";"124";"Sem vítima";"50,000";"445/PR";"Crescente";"Colisão lateral em sentido contrário";1;0;1;0;0;0;0;0;0;0;2;0;0;0;0
"17/12/2025";"10:32:00";"142";"Sem vítima";"182,000";"BR-373/PR";"Decrescente";"Colisão lateral em sentido contrário";2;0;0;0;0;0;0;0;0;0;2;0;0;0;0
"17/12/2025";"10:53:00";"149";"Sem vítima";"389,000";"BR-376/PR";"Crescente";"Capotamento";1;0;0;0;0;0;0;0;0;0;0;0;0;0;0
"17/12/2025";"21:15:00";"271";"Com vítima";"488,000";"BR-376/PR";"Decrescente";"Acidentes de outra natureza";0;0;0;1;0;0;0;0;0;0;0;1;0;0;0
"18/12/2025";"08:43:00";"80";"Com vítima";"463,000";"BR-376/PR";"Decrescente";"Choque";0;0;0;0;0;0;0;0;0;1;0;1;0;0;0
"18/12/2025";"10:57:00";"132";"Sem vítima";"498,000";"BR-376/PR";"Crescente";"Colisão lateral em sentido contrário";1;0;0;0;0;0;0;0;0;0;3;0;0;0;0
"18/12/2025";"11:15:00";"136";"Com vítima";"284,500";"BR-376/PR";"Decrescente";"Choque";1;0;0;0;0;0;0;0;0;0;0;2;0;0;0
"18/12/2025";"15:07:00";"186";"Sem vítima";"24,000";"323/PR";"Crescente";"Colisão traseira";0;0;0;0;0;0;0;2;0;0;2;0;0;0;0
"18/12/2025";"16:05:00";"194";"Com vítima";"84,000";"445/PR";"Crescente";"Colisão traseira";0;0;1;0;0;0;0;0;0;0;1;1;0;0;0
"18/12/2025";"20:22:00";"233";"Com vítima";"304,000";"BR-376/PR";"Decrescente";"Choque";1;0;0;0;0;0;0;0;0;0;1;2;0;0;0
"18/12/2025";"21:27:00";"237";"Sem vítima";"172,000";"BR-373/PR";"Decrescente";"Engavetamento";1;0;0;0;0;0;0;2;0;0;3;0;0;0;0
"19/12/2025";"00:00:00";"75";"Sem vítima";"366,000";"BR-376/PR";"Crescente";"Acidentes de outra natureza";0;0;0;1;0;0;0;0;0;0;1;0;0;0;0
"19/12/2025";"02:23:00";"16";"Sem vítima";"192,000";"BR-369/PR";"Crescente";"Acidentes de outra natureza";0;0;0;1;0;0;0;0;0;0;0;0;0;0;0
"19/12/2025";"07:18:00";"42";"Com vítima";"198,000";"BR-369/PR";"Crescente";"Choque";1;0;0;0;0;0;0;0;0;0;0;2;1;0;0
"19/12/2025";"07:30:00";"45";"Com vítima";"192,800";"BR-369/PR";"Crescente";"Atropelamento de pedestre";1;0;0;0;0;0;0;0;0;0;0;1;0;0;0
"19/12/2025";"18:31:00";"206";"Sem vítima";"81,000";"445/PR";"Decrescente";"Colisão traseira";1;0;0;0;0;0;0;0;0;0;0;0;0;0;0
"19/12/2025";"19:25:00";"216";"Sem vítima";"36,000";"445/PR";"Crescente";"Colisão traseira";1;0;0;0;0;0;0;0;0;0;0;0;0;0;0
"19/12/2025";"20:28:00";"227";"Sem vítima";"233,000";"BR-376/PR";"Decrescente";"Colisão traseira";2;0;0;0;0;0;0;0;0;0;0;0;0;0;0
"20/12/2025";"01:45:00";"16";"Com vítima";"337,900";"BR-376/PR";"Decrescente";"Choque";0;0;0;0;0;0;0;1;0;0;0;0;1;0;0
"20/12/2025";"04:16:00";"31";"Sem vítima";"24,700";"445/PR";"Crescente";"Choque";1;0;0;0;0;0;0;0;0;0;0;0;0;0;0
"20/12/2025";"12:07:00";"138";"Com vítima";"187,000";"BR-369/PR";"Decrescente";"Colisão lateral em sentido contrário";1;0;0;1;0;0;0;0;0;0;1;0;1;0;0
"20/12/2025";"15:23:00";"180";"Sem vítima";"42,000";"445/PR";"Decrescente";"Engavetamento";2;0;0;0;0;0;0;0;0;0;2;0;0;0;0
"20/12/2025";"19:41:00";"234";"Com vítima";"176,000";"BR-373/PR";"Decrescente";"Choque";1;0;1;0;0;0;0;0;0;0;2;1;0;0;0
"20/12/2025";"22:01:00";"245";"Com vítima";"199,000";"BR-369/PR";"Decrescente";"Acidentes de outra natureza";1;0;1;1;0;0;0;0;0;0;1;2;1;0;0
"20/12/2025";"23:29:00";"256";"Sem vítima";"256,000";"BR-376/PR";"Decrescente";"Colisão traseira";0;0;0;0;0;0;0;0;0;1;0;0;0;0;0
"21/12/2025";"08:29:00";"74";"Com vítima";"277,000";"BR-376/PR";"Crescente";"Tombamento";0;0;0;1;0;0;0;0;0;0;0;1;0;0;0
"21/12/2025";"08:39:00";"78";"Com vítima";"43,000";"323/PR";"Decrescente";"Tombamento";0;0;1;0;0;0;0;0;0;0;0;1;0;0;0
"21/12/2025";"10:52:00";"110";"Sem vítima";"505,000";"BR-376/PR";"Crescente";"Engavetamento";1;0;0;0;0;0;0;0;0;0;1;0;0;0;0
"21/12/2025";"10:53:00";"111";"Com vítima";"31,000";"445/PR";"Decrescente";"Choque";0;0;0;1;0;0;0;0;0;0;0;1;0;0;0
"21/12/2025";"14:40:00";"146";"Sem vítima";"297,000";"BR-376/PR";"Decrescente";"Choque";0;0;0;0;0;0;0;1;0;0;1;0;0;0;0
"21/12/2025";"16:10:00";"160";"Com vítima";"69,000";"445/PR";"Decrescente";"Colisão lateral em sentido contrário";1;0;0;1;0;0;0;0;0;0;1;1;0;0;0
"21/12/2025";"16:25:00";"163";"Sem vítima";"57,000";"445/PR";"Crescente";"Choque";1;0;0;0;0;0;0;0;0;0;1;0;0;0;0
"21/12/2025";"22:31:00";"234";"Sem vítima";"361,000";"BR-376/PR";"Crescente";"Capotamento";1;0;0;0;0;0;0;0;0;0;0;0;0;0;0
"22/12/2025";"07:14:00";"46";"Com vítima";"187,000";"BR-369/PR";"Decrescente";"Tombamento";0;0;0;1;0;0;0;0;0;0;0;0;1;0;0
"22/12/2025";"07:53:00";"66";"Sem vítima";"491,000";"BR-376/PR";"Decrescente";"Colisão lateral em sentido contrário";1;0;0;0;1;0;0;0;0;0;4;0;0;0;0
"22/12/2025";"10:31:00";"125";"Sem vítima";"61,000";"445/PR";"Crescente";"Capotamento";1;0;0;0;0;0;0;0;0;0;0;0;0;0;0
"22/12/2025";"11:41:00";"136";"Com vítima";"7,900";"323/PR";"Crescente";"Colisão frontal";2;0;0;0;0;0;0;0;0;0;0;2;2;2;0
"22/12/2025";"16:56:00";"201";"Sem vítima";"414,000";"BR-376/PR";"Crescente";"Colisão lateral em sentido contrário";1;0;1;0;0;0;0;0;0;0;2;0;0;0;0
"22/12/2025";"18:31:00";"212";"Sem vítima";"495,000";"BR-376/PR";"Decrescente";"Choque";1;0;0;0;0;0;0;0;0;0;1;0;0;0;0
"22/12/2025";"22:38:00";"244";"Com vítima";"499,000";"BR-376/PR";"Decrescente";"Tombamento";0;0;0;0;0;0;0;1;0;0;0;1;0;0;0
"23/12/2025";"00:00:00";"33";"Com vítima";"464,000";"BR-376/PR";"Crescente";"Tombamento";1;0;0;0;0;0;0;0;0;0;3;1;0;0;0
"23/12/2025";"06:00:00";"35";"Sem vítima";"545,000";"BR-376/PR";"Decrescente";"Choque";1;0;0;0;0;0;0;0;0;0;3;0;0;0;0
"23/12/2025";"08:53:00";"97";"Sem vítima";"365,000";"BR-376/PR";"Crescente";"Colisão traseira";2;0;0;0;0;0;0;0;0;0;6;0;0;0;0
"23/12/2025";"11:06:00";"164";"Sem vítima";"451,000";"BR-376/PR";"Decrescente";"Colisão lateral em sentido contrário";1;0;1;0;0;0;0;0;0;0;6;0;0;0;0
"23/12/2025";"14:13:00";"212";"Com vítima";"27,500";"445/PR";"Crescente";"Colisão traseira";1;0;1;0;0;0;0;0;0;0;2;1;0;0;0
"23/12/2025";"16:35:00";"239";"Sem vítima";"233,000";"BR-376/PR";"Crescente";"Choque";0;0;0;0;0;0;0;0;0;1;0;0;0;0;0
"23/12/2025";"17:22:00";"85";"Sem vítima";"27,000";"323/PR";"Crescente";"Colisão traseira";0;0;0;0;0;0;0;0;0;1;5;0;0;0;0
"23/12/2025";"17:28:00";"253";"Com vítima";"386,000";"BR-376/PR";"Decrescente";"Capotamento";1;0;0;0;0;0;0;0;0;0;0;1;0;0;0
"24/12/2025";"03:32:00";"19";"Sem vítima";"532,000";"BR-376/PR";"Crescente";"Choque";1;0;0;0;0;0;0;0;0;0;0;0;0;0;0
"24/12/2025";"04:07:00";"20";"Sem vítima";"169,000";"373/PR";"Crescente";"Choque";1;0;0;0;0;0;0;0;0;0;0;0;0;0;0
"24/12/2025";"09:00:00";"79";"Sem vítima";"28,000";"445/PR";"Crescente";"Choque";1;0;0;0;0;0;0;0;0;0;2;0;0;0;0
"24/12/2025";"14:23:00";"147";"Sem vítima";"407,000";"BR-376/PR";"Decrescente";"Choque";1;0;0;0;0;0;0;0;0;0;1;0;0;0;0
"24/12/2025";"22:19:00";"228";"Com vítima";"426,400";"BR-376/PR";"Crescente";"Acidentes de outra natureza";0;0;0;1;0;0;0;0;0;0;0;0;1;0;0
"24/12/2025";"23:19:00";"214";"Com vítima";"296,000";"BR-376/PR";"Decrescente";"Atropelamento de pedestre";0;0;0;0;0;0;0;0;0;0;0;0;0;0;1
"25/12/2025";"05:01:00";"16";"Com vítima";"16,000";"323/PR";"Crescente";"Colisão frontal";1;0;0;0;0;0;0;1;0;0;0;0;0;0;1
"25/12/2025";"10:34:00";"54";"Sem vítima";"113,000";"170/PR";"Crescente";"Colisão lateral em sentido contrário";2;0;0;0;0;0;0;0;0;0;4;0;0;0;0
"25/12/2025";"11:06:00";"57";"Sem vítima";"335,100";"BR-376/PR";"Decrescente";"Choque";1;0;0;0;0;0;0;0;0;0;2;0;0;0;0
"25/12/2025";"16:44:00";"91";"Com vítima";"261,000";"BR-376/PR";"Crescente";"Capotamento";1;0;0;0;0;0;0;0;0;0;1;1;0;0;0
"25/12/2025";"17:29:00";"102";"Com vítima";"38,000";"445/PR";"Decrescente";"Colisão lateral em sentido contrário";1;0;0;0;0;0;0;0;0;0;2;1;0;0;0
"26/12/2025";"06:14:00";"32";"Sem vítima";"25,000";"445/PR";"Decrescente";"Choque";1;0;0;0;0;0;0;0;0;0;4;0;0;0;0
"26/12/2025";"07:36:00";"52";"Sem vítima";"250,000";"BR-376/PR";"Decrescente";"Choque";1;0;0;0;0;0;0;0;0;0;1;0;0;0;0
"26/12/2025";"07:49:00";"56";"Sem vítima";"531,000";"BR-376/PR";"Decrescente";"Colisão traseira";1;0;1;0;0;0;0;0;0;0;3;0;0;0;0
"26/12/2025";"12:50:00";"129";"Sem vítima";"311,000";"BR-376/PR";"Crescente";"Choque";1;0;0;0;0;0;0;0;0;0;3;0;0;0;0