data;horario;n_da_ocorrencia;tipo_de_ocorrencia;km;trecho;sentido;tipo_de_acidente;automovel;bicicleta;caminhao;moto;onibus;outros;tracao_animal;transporte_de_cargas_especiais;trator_maquinas;utilitarios;ilesos;levemente_feridos;moderadamente_feridos;gravemente_feridos;mortos
"26/12/2025";"16:01:00";"175";"Com vítima";"310,000";"BR-376/PR";"Crescente";"Tombamento";0;0;0;0;0;0;0;1;0;0;0;1;0;0;0
"26/12/2025";"19:26:00";"210";"Sem vítima";"274,500";"BR-376/PR";"Decrescente";"Choque";1;0;0;0;0;0;0;0;0;0;1;0;0;0;0
"27/12/2025";"00:00:00";"39";"Com vítima";"408,000";"BR-376/PR";"Crescente";"Tombamento";0;0;1;0;0;0;0;0;0;0;0;3;0;0;0
"27/12/2025";"00:00:00";"150";"Com vítima";"464,000";"BR-376/PR";"Decrescente";"Capotamento";1;0;0;0;0;0;0;0;0;0;0;1;0;0;0
"27/12/2025";"03:38:00";"26";"Sem vítima";"72,000";"445/PR";"Decrescente";"Choque";1;0;0;0;0;0;0;0;0;0;2;0;0;0;0
"27/12/2025";"05:42:00";"37";"Sem vítima";"31,000";"445/PR";"Crescente";"Choque";1;0;0;0;0;0;0;0;0;0;1;0;0;0;0
"27/12/2025";"07:20:00";"54";"Sem vítima";"220,000";"BR-376/PR";"Crescente";"Choque";1;0;0;0;0;0;0;0;0;0;1;0;0;0;0
"27/12/2025";"14:18:00";"129";"Com vítima";"403,000";"90/PR";"Crescente";"Colisão transversal";2;0;0;0;0;0;0;0;0;0;1;1;0;0;0
"28/12/2025";"08:36:00";"46";"Sem vítima";"488,000";"BR-376/PR";"Crescente";"Colisão traseira";2;0;0;0;0;0;0;0;0;0;8;0;0;0;0
"28/12/2025";"12:23:00";"85";"Com vítima";"342,000";"BR-376/PR";"Decrescente";"Tombamento";0;0;0;0;0;0;0;1;0;0;0;0;1;0;0
"28/12/2025";"12:27:00";"86";"Com vítima";"310,000";"BR-376/PR";"Decrescente";"Acidentes de outra natureza";0;0;0;1;0;0;0;0;0;0;0;0;2;0;0
"28/12/2025";"17:12:00";"131";"Com vítima";"231,000";"BR-376/PR";"Crescente";"Capotamento";1;0;0;0;0;0;0;0;0;0;0;2;0;0;1
"28/12/2025";"20:19:00";"149";"Com vítima";"69,000";"445/PR";"Decrescente";"Acidentes de outra natureza";0;0;0;1;0;0;0;0;0;0;0;0;1;0;0
"29/12/2025";"07:52:00";"41";"Com vítima";"519,000";"BR-376/PR";"Decrescente";"Capotamento";1;0;1;0;0;0;0;0;0;0;0;2;0;1;1
"29/12/2025";"08:18:00";"49";"Sem vítima";"440,000";"BR-376/PR";"Crescente";"Choque";1;0;0;0;0;0;0;0;0;0;1;0;0;0;0
"29/12/2025";"08:50:00";"57";"Sem vítima";"198,600";"BR-369/PR";"Crescente";"Colisão lateral em sentido contrário";1;0;0;0;0;0;0;0;0;0;0;0;0;0;0
"29/12/2025";"09:09:00";"62";"Com vítima";"436,000";"BR-376/PR";"Decrescente";"Tombamento";0;0;0;1;0;0;0;0;0;0;0;2;0;0;0
"29/12/2025";"10:32:00";"68";"Sem vítima";"294,000";"BR-376/PR";"Decrescente";"Choque";0;0;0;0;0;1;0;0;0;0;0;0;0;0;0
"29/12/2025";"11:05:00";"75";"Sem vítima";"335,000";"BR-376/PR";"Crescente";"Tombamento";0;0;1;0;0;0;0;0;0;0;1;0;0;0;0
"29/12/2025";"11:29:00";"80";"Com vítima";"64,000";"445/PR";"Decrescente";"Tombamento";0;0;0;1;0;0;0;0;0;0;0;1;0;0;0
"29/12/2025";"13:16:00";"102";"Com vítima";"259,000";"BR-376/PR";"Crescente";"Capotamento";1;0;0;0;0;0;0;0;0;0;1;1;0;0;0
"29/12/2025";"13:21:00";"103";"Com vítima";"513,500";"BR-376/PR";"Decrescente";"Colisão traseira";2;0;0;0;0;0;0;0;0;0;3;1;1;0;0
"29/12/2025";"13:27:00";"106";"Sem vítima";"322,000";"BR-376/PR";"Decrescente";"Choque";1;0;0;0;0;0;0;0;0;0;1;0;0;0;0
"29/12/2025";"13:43:00";"109";"Sem vítima";"13,000";"445/PR";"Crescente";"Choque";1;0;0;0;0;0;0;0;0;0;1;0;0;0;0
"29/12/2025";"13:47:00";"110";"Com vítima";"513,500";"BR-376/PR";"Decrescente";"Capotamento";1;0;0;0;0;0;0;0;0;0;0;2;0;1;0
"29/12/2025";"14:29:00";"122";"Sem vítima";"315,000";"BR-376/PR";"Decrescente";"Colisão frontal";0;0;0;0;0;0;0;2;0;0;2;0;0;0;0
"29/12/2025";"14:29:00";"142";"Sem vítima";"17,000";"445/PR";"Decrescente";"Choque";1;0;0;0;0;0;0;0;0;0;0;0;0;0;0
"29/12/2025";"15:18:00";"127";"Sem vítima";"345,000";"BR-376/PR";"Decrescente";"Choque";0;0;0;0;0;0;0;0;0;1;1;0;0;0;0
"29/12/2025";"15:47:00";"133";"Com vítima";"370,000";"BR-376/PR";"Crescente";"Colisão lateral em sentido contrário";1;0;0;0;0;0;0;0;0;0;3;1;0;0;0
"29/12/2025";"16:52:00";"145";"Sem vítima";"525,000";"BR-376/PR";"Crescente";"Choque";1;0;0;0;0;0;0;0;0;0;1;0;0;0;0
"29/12/2025";"17:13:00";"149";"Sem vítima";"370,000";"BR-376/PR";"Crescente";"Choque";1;0;0;0;0;0;0;0;0;0;2;0;0;0;0
"29/12/2025";"23:49:00";"202";"Sem vítima";"347,000";"BR-376/PR";"Crescente";"Atropelamento de animal";1;0;0;0;0;0;0;0;0;0;0;0;0;0;0
"30/12/2025";"00:00:00";"16";"Sem vítima";"322,400";"BR-376/PR";"Decrescente";"Colisão frontal";2;0;0;0;0;0;0;0;0;0;0;0;0;0;0
"30/12/2025";"03:52:00";"31";"Sem vítima";"175,000";"BR-373/PR";"Decrescente";"Colisão traseira";0;0;1;0;0;0;0;1;0;0;0;0;0;0;0
"30/12/2025";"08:50:00";"104";"Com vítima";"172,000";"BR-373/PR";"Crescente";"Colisão lateral em sentido contrário";0;0;0;1;0;0;0;0;0;0;0;1;0;0;0
"30/12/2025";"14:19:00";"180";"Com vítima";"469,000";"BR-376/PR";"Decrescente";"Choque";0;0;0;0;0;0;0;0;0;0;0;0;0;0;0
"30/12/2025";"14:45:00";"184";"Sem vítima";"346,000";"BR-376/PR";"Decrescente";"Colisão traseira";0;0;1;0;0;0;0;0;0;0;1;0;0;0;0
"30/12/2025";"16:09:00";"200";"Sem vítima";"386,000";"BR-376/PR";"Decrescente";"Choque";1;0;0;0;0;0;0;0;0;0;2;0;0;0;0
"30/12/2025";"23:33:00";"263";"Sem vítima";"433,000";"BR-376/PR";"Crescente";"Colisão transversal";0;0;0;0;0;0;0;0;0;0;0;0;0;0;0
"31/12/2025";"15:26:00";"193";"Com vítima";"71,000";"445/PR";"Crescente";"Choque";0;0;1;1;0;0;0;0;0;0;1;0;0;1;0
"31/12/2025";"19:47:00";"216";"Com vítima";"187,000";"BR-369/PR";"Decrescente";"Choque";0;1;0;1;0;0;0;0;0;0;0;1;0;0;0
"31/12/2025";"20:41:00";"226";"Com vítima";"203,000";"BR-376/PR";"Crescente";"Acidentes de outra natureza";1;0;0;0;0;0;0;0;0;0;0;1;0;0;0
"01/01/2026";"05:38:00";"10";"Com vítima";"469,000";"BR-376/PR";"Crescente";"Choque";1;0;0;0;0;0;0;0;0;0;0;1;0;0;0
"01/01/2026";"10:51:00";"37";"Sem vítima";"301,000";"BR-376/PR";"Crescente";"Choque";1;0;0;0;0;0;0;0;0;0;0;0;0;0;0
"01/01/2026";"12:36:00";"48";"Sem vítima";"379,000";"BR-376/PR";"Decrescente";"Choque";1;0;0;0;0;0;0;0;0;0;3;0;0;0;0
"01/01/2026";"13:58:00";"51";"Sem vítima";"221,000";"BR-376/PR";"Crescente";"Choque";1;0;0;0;0;0;0;0;0;0;4;0;0;0;0
"01/01/2026";"15:35:00";"59";"Com vítima";"385,000";"BR-376/PR";"Crescente";"Capotamento";1;0;0;0;0;0;0;0;0;0;0;1;0;0;0
"01/01/2026";"16:05:00";"64";"Com vítima";"311,000";"BR-376/PR";"Crescente";"Capotamento";1;0;0;0;0;0;0;0;0;0;0;2;0;0;0
"01/01/2026";"16:39:00";"69";"Com vítima";"341,000";"BR-376/PR";"Crescente";"Colisão frontal";1;0;0;0;1;0;0;0;0;0;0;19;3;2;0
"01/01/2026";"16:53:00";"70";"Sem vítima";"0,000";"445/PR";"Decrescente";"Choque";1;0;0;0;0;0;0;0;0;0;0;0;0;0;0
"01/01/2026";"17:30:00";"74";"Sem vítima";"464,000";"BR-376/PR";"Decrescente";"Choque";1;0;0;0;0;0;0;0;0;0;5;0;0;0;0
"01/01/2026";"17:49:00";"77";"Com vítima";"519,000";"BR-376/PR";"Crescente";"Choque";1;0;0;0;0;0;0;0;0;0;0;5;0;0;0
"01/01/2026";"18:18:00";"79";"Com vítima";"115,000";"170/PR";"Crescente";"Colisão traseira";1;0;0;0;0;0;0;0;0;1;0;1;0;0;0
"01/01/2026";"18:33:00";"84";"Sem vítima";"519,000";"BR-376/PR";"Decrescente";"Choque";1;0;0;0;0;0;0;0;0;0;0;0;0;0;0
"01/01/2026";"18:55:00";"86";"Com vítima";"7,000";"323/PR";"Crescente";"Colisão traseira";2;0;0;0;0;0;0;0;0;0;0;1;0;0;0
"01/01/2026";"19:02:00";"87";"Sem vítima";"259,000";"BR-376/PR";"Crescente";"Tombamento";0;0;0;0;0;0;0;0;0;1;0;0;0;0;0
"01/01/2026";"22:10:00";"107";"Com vítima";"342,000";"BR-376/PR";"Crescente";"Acidentes de outra natureza";0;0;0;1;0;0;0;0;0;0;0;0;1;0;0
"02/01/2026";"07:27:00";"30";"Sem vítima";"247,000";"BR-376/PR";"Decrescente";"Choque";1;0;0;0;0;0;0;0;0;0;4;0;0;0;0
"02/01/2026";"07:44:00";"37";"Com vítima";"301,000";"BR-376/PR";"Crescente";"Tombamento";0;0;1;0;0;0;0;0;0;0;0;1;0;0;0
"02/01/2026";"07:48:00";"38";"Sem vítima";"506,400";"BR-376/PR";"Decrescente";"Acidentes de outra natureza";0;0;0;1;0;0;0;0;0;0;2;0;0;0;0
"02/01/2026";"10:40:00";"87";"Com vítima";"434,000";"BR-376/PR";"Crescente";"Acidentes de outra natureza";0;0;0;1;0;0;0;0;0;0;0;1;1;0;0
"02/01/2026";"11:06:00";"93";"Sem vítima";"535,000";"BR-376/PR";"Crescente";"Colisão lateral em sentido contrário";2;0;0;0;0;0;0;0;0;0;2;0;0;0;0
"02/01/2026";"11:51:00";"101";"Sem vítima";"535,500";"BR-376/PR";"Crescente";"Engavetamento";3;0;0;0;0;0;0;0;0;0;0;0;0;0;0
"02/01/2026";"12:49:00";"111";"Sem vítima";"389,000";"BR-376/PR";"Decrescente";"Colisão traseira";0;0;2;0;0;0;0;0;0;0;0;0;0;0;0
"02/01/2026";"14:37:00";"130";"Sem vítima";"502,000";"BR-376/PR";"Decrescente";"Choque";0;0;0;1;0;0;0;0;0;0;0;0;0;0;0
"02/01/2026";"15:25:00";"136";"Com vítima";"339,000";"BR-376/PR";"Decrescente";"Colisão transversal";2;0;0;0;0;0;0;0;0;0;4;1;0;0;0
"02/01/2026";"16:24:00";"142";"Sem vítima";"302,000";"BR-376/PR";"Decrescente";"Choque";1;0;0;0;0;0;0;0;0;0;4;0;0;0;0
"02/01/2026";"16:45:00";"148";"Sem vítima";"439,000";"BR-376/PR";"Crescente";"Choque";1;0;0;0;0;0;0;0;0;0;0;0;0;0;0
"02/01/2026";"17:39:00";"155";"Sem vítima";"378,800";"BR-376/PR";"Decrescente";"Choque";0;0;0;0;0;0;0;0;0;1;0;0;0;0;0
"02/01/2026";"18:47:00";"162";"Com vítima";"466,000";"BR-376/PR";"Crescente";"Colisão lateral em sentido contrário";2;0;0;0;0;0;0;0;0;1;0;1;4;0;0
"02/01/2026";"19:14:00";"170";"Sem vítima";"373,000";"BR-376/PR";"Crescente";"Choque";1;0;0;0;0;0;0;0;0;0;0;0;0;0;0
"03/01/2026";"08:57:00";"60";"Sem vítima";"492,000";"BR-376/PR";"Decrescente";"Engavetamento";6;0;0;0;0;0;0;0;0;0;7;0;0;0;0
"03/01/2026";"10:25:00";"77";"Sem vítima";"174,100";"BR-373/PR";"Crescente";"Colisão traseira";1;0;1;0;0;0;0;0;0;0;0;0;0;0;0
"03/01/2026";"11:25:00";"92";"Sem vítima";"522,000";"BR-376/PR";"Crescente";"Colisão lateral em sentido contrário";0;0;0;0;0;0;0;0;0;1;0;0;0;0;0
"03/01/2026";"13:54:00";"125";"Com vítima";"318,000";"BR-376/PR";"Decrescente";"Colisão traseira";1;0;0;1;0;0;0;0;0;0;0;2;0;0;0
"03/01/2026";"15:56:00";"155";"Com vítima";"462,000";"BR-376/PR";"Crescente";"Capotamento";1;0;0;0;0;0;0;0;0;0;3;1;0;0;0
"03/01/2026";"20:58:00";"200";"Com vítima";"172,000";"BR-373/PR";"Decrescente";"Colisão lateral em sentido contrário";2;0;0;0;0;0;0;0;0;0;2;1;0;0;0
"03/01/2026";"21:13:00";"203";"Sem vítima";"268,000";"BR-376/PR";"Decrescente";"Choque";1;0;0;0;0;0;0;0;0;0;0;0;0;0;0
"03/01/2026";"21:59:00";"208";"Com vítima";"182,000";"BR-373/PR";"Decrescente";"Colisão frontal";1;0;0;0;0;0;0;1;0;0;1;0;0;0;1
"03/01/2026";"22:35:00";"213";"Com vítima";"264,000";"BR-376/PR";"Crescente";"Acidentes de outra natureza";0;0;0;1;0;0;0;0;0;0;0;0;1;0;0
"03/01/2026";"23:41:00";"225";"Sem vítima";"71,000";"445/PR";"Decrescente";"Colisão traseira";1;0;0;0;0;0;0;0;0;0;0;0;0;0;0
"04/01/2026";"05:27:00";"20";"Sem vítima";"492,900";"BR-376/PR";"Decrescente";"Colisão traseira";1;0;0;0;0;0;0;0;0;0;0;0;0;0;0
"04/01/2026";"10:04:00";"63";"Sem vítima";"204,000";"BR-376/PR";"Decrescente";"Acidentes de outra natureza";1;0;0;0;0;0;0;0;0;0;0;0;0;0;0
"05/01/2026";"07:24:00";"41";"Com vítima";"492,900";"BR-376/PR";"Crescente";"Colisão traseira";0;0;0;0;0;0;0;1;0;1;1;1;0;0;0
"05/01/2026";"09:15:00";"74";"Com vítima";"421,000";"BR-376/PR";"Decrescente";"Choque";1;0;0;0;0;0;0;0;0;0;1;1;0;0;1
"05/01/2026";"17:42:00";"163";"Sem vítima";"412,000";"BR-376/PR";"Crescente";"Colisão traseira";1;0;0;0;0;0;0;0;0;0;1;0;0;0;0
"06/01/2026";"10:38:00";"104";"Com vítima";"342,000";"BR-376/PR";"Crescente";"Tombamento";1;0;1;0;0;0;0;1;0;0;0;1;0;0;0
"06/01/2026";"18:46:00";"213";"Sem vítima";"297,000";"BR-376/PR";"Crescente";"Choque";1;0;0;0;0;0;0;0;0;0;0;0;0;0;0
"07/01/2026";"14:55:00";"144";"Com vítima";"300,500";"BR-376/PR";"Decrescente";"Colisão lateral em sentido contrário";1;0;0;0;0;0;0;0;0;0;0;1;0;0;0
"07/01/2026";"15:29:00";"149";"Sem vítima";"519,300";"BR-376/PR";"Decrescente";"Acidentes de outra natureza";1;0;0;0;0;0;0;0;0;0;5;0;0;0;0
"07/01/2026";"18:51:00";"179";"Sem vítima";"249,000";"BR-376/PR";"Crescente";"Colisão traseira";1;0;1;0;0;0;0;0;0;0;4;0;0;0;0
"08/01/2026";"07:06:00";"43";"Sem vítima";"308,000";"BR-376/PR";"Crescente";"Colisão traseira";1;0;0;0;0;0;0;0;0;0;1;0;0;0;0
"08/01/2026";"08:57:00";"111";"Com vítima";"261,000";"BR-376/PR";"Crescente";"Atropelamento de pedestre";0;1;0;0;0;0;0;1;0;0;1;0;0;0;0
"08/01/2026";"11:18:00";"174";"Sem vítima";"249,000";"BR-376/PR";"Crescente";"Engavetamento";1;0;0;0;0;0;0;3;0;0;5;0;0;0;0
"08/01/2026";"14:04:00";"200";"Com vítima";"174,200";"BR-373/PR";"Crescente";"Colisão traseira";1;0;0;1;0;0;0;0;0;0;1;1;0;0;0
"08/01/2026";"14:33:00";"206";"Sem vítima";"174,000";"BR-373/PR";"Decrescente";"Acidentes de outra natureza";1;0;0;0;0;0;0;0;0;0;1;0;0;0;0
"08/01/2026";"16:54:00";"226";"Com vítima";"525,000";"BR-376/PR";"Decrescente";"Colisão traseira";0;0;0;0;0;0;0;1;0;0;0;1;0;0;0
"08/01/2026";"17:57:00";"235";"Sem vítima";"498,500";"BR-376/PR";"Decrescente";"Choque";1;0;0;0;0;0;0;0;0;0;1;0;0;0;0
"08/01/2026";"19:59:00";"257";"Com vítima";"491,000";"BR-376/PR";"Crescente";"Atropelamento de pedestre";0;0;0;1;0;0;0;0;0;0;0;0;0;1;1
"08/01/2026";"20:24:00";"270";"Sem vítima";"343,000";"BR-376/PR";"Crescente";"Tombamento";0;0;0;0;0;0;0;1;0;0;0;0;0;0;0
"09/01/2026";"09:05:00";"100";"Sem vítima";"525,000";"BR-376/PR";"Crescente";"Colisão lateral em sentido contrário";1;0;2;0;0;0;0;0;0;0;0;0;0;0;0
"09/01/2026";"09:49:00";"120";"Com vítima";"88,000";"445/PR";"Crescente";"Colisão transversal";1;0;1;0;0;0;0;0;0;0;3;1;0;0;0
"09/01/2026";"13:13:00";"180";"Sem vítima";"525,000";"BR-376/PR";"Crescente";"Colisão traseira";0;0;0;0;0;0;0;1;0;0;0;0;0;0;0
"09/01/2026";"15:42:00";"203";"Sem vítima";"258,000";"BR-376/PR";"Decrescente";"Choque";1;0;0;0;0;0;0;0;0;0;2;0;0;0;0
"09/01/2026";"16:12:00";"210";"Com vítima";"15,000";"445/PR";"Decrescente";"Acidentes de outra natureza";0;0;0;1;0;0;0;0;0;0;0;0;1;0;0
"09/01/2026";"16:57:00";"219";"Com vítima";"349,000";"BR-376/PR";"Decrescente";"Engavetamento";3;0;0;0;0;0;0;0;0;0;1;1;2;0;0
"09/01/2026";"18:18:00";"228";"Com vítima";"464,000";"BR-376/PR";"Decrescente";"Tombamento";0;0;1;0;0;0;0;0;0;0;0;1;0;0;0
"09/01/2026";"23:08:00";"270";"Com vítima";"248,000";"BR-376/PR";"Decrescente";"Acidentes de outra natureza";0;0;0;1;0;0;0;0;0;0;0;1;0;0;0
"10/01/2026";"05:44:00";"158";"Sem vítima";"525,000";"BR-376/PR";"Decrescente";"Colisão lateral em sentido contrário";0;0;2;0;0;0;0;0;0;0;0;0;0;0;0
"10/01/2026";"07:41:00";"56";"Com vítima";"116,200";"170/PR";"Crescente";"Capotamento";1;0;0;0;0;0;0;0;0;0;0;0;0;1;0
"10/01/2026";"09:46:00";"90";"Com vítima";"408,000";"BR-376/PR";"Crescente";"Choque";1;0;0;0;0;0;0;0;0;0;0;1;0;0;0
"10/01/2026";"17:17:00";"174";"Sem vítima";"335,000";"BR-376/PR";"Decrescente";"Acidentes de outra natureza";1;0;0;0;0;0;0;0;0;0;0;0;0;0;0
"10/01/2026";"17:22:00";"175";"Sem vítima";"432,000";"BR-376/PR";"Decrescente";"Choque";1;0;0;0;0;0;0;0;0;0;1;0;0;0;0
"10/01/2026";"17:27:00";"177";"Sem vítima";"369,000";"BR-376/PR";"Crescente";"Choque";0;0;0;0;0;0;0;0;0;1;0;0;0;0;0
"10/01/2026";"18:50:00";"190";"Com vítima";"221,500";"BR-376/PR";"Decrescente";"Capotamento";1;0;0;0;0;0;0;0;0;0;0;1;0;0;0
"10/01/2026";"19:12:00";"198";"Com vítima";"444,000";"BR-376/PR";"Crescente";"Choque";1;0;0;0;0;0;0;0;0;0;0;2;0;0;0
"10/01/2026";"19:57:00";"205";"Com vítima";"36,000";"323/PR";"Decrescente";"Colisão frontal";2;0;0;0;0;0;0;0;0;0;0;0;0;1;0
"10/01/2026";"21:35:00";"217";"Com vítima";"339,800";"BR-376/PR";"Crescente";"Colisão frontal";1;0;0;0;0;0;0;0;0;0;0;0;0;0;1
"10/01/2026";"23:40:00";"234";"Sem vítima";"33,000";"445/PR";"Decrescente";"Choque";1;0;0;0;0;0;0;0;0;0;0;0;0;0;0
"11/01/2026";"02:42:00";"10";"Com vítima";"70,000";"445/PR";"Crescente";"Acidentes de outra natureza";0;0;0;1;0;0;0;0;0;0;0;1;0;0;0
"11/01/2026";"16:13:00";"129";"Com vítima";"229,500";"BR-376/PR";"Decrescente";"Queda de carga";0;0;0;1;0;0;0;0;0;0;0;0;1;0;0
"11/01/2026";"17:14:00";"140";"Com vítima";"65,500";"445/PR";"Crescente";"Capotamento";1;0;0;0;0;0;0;0;0;0;0;1;0;0;0
"11/01/2026";"20:12:00";"169";"Sem vítima";"41,000";"323/PR";"Crescente";"Colisão lateral em sentido contrário";1;0;0;0;0;0;0;0;0;1;0;0;0;0;0
"11/01/2026";"23:04:00";"189";"Com vítima";"19,000";"445/PR";"Decrescente";"Choque";1;0;0;0;0;0;0;0;0;0;0;1;0;0;0
"11/01/2026";"23:19:00";"191";"Sem vítima";"43,600";"323/PR";"Decrescente";"Tombamento";0;0;1;0;0;0;0;0;0;0;0;0;0;0;0
"11/01/2026";"23:42:00";"193";"Com vítima";"236,000";"BR-376/PR";"Crescente";"Capotamento";1;0;0;0;0;0;0;0;0;0;0;0;1;0;0
"12/01/2026";"00:00:00";"231";"Com vítima";"546,500";"BR-376/PR";"Decrescente";"Acidentes de outra natureza";0;0;0;1;0;0;0;0;0;0;0;1;0;0;0
"12/01/2026";"01:45:00";"1";"Sem vítima";"176,000";"BR-373/PR";"Decrescente";"Choque";0;0;0;0;0;0;0;0;0;1;1;0;0;0;0
"12/01/2026";"02:23:00";"6";"Sem vítima";"38,000";"445/PR";"Decrescente";"Choque";0;0;1;0;0;0;0;0;0;0;0;0;0;0;0
"12/01/2026";"04:42:00";"13";"Com vítima";"394,000";"90/PR";"Crescente";"Atropelamento de pedestre";0;0;0;0;0;0;0;0;0;1;0;0;0;0;1
"12/01/2026";"08:02:00";"55";"Com vítima";"69,000";"445/PR";"Crescente";"Choque";0;0;0;0;0;0;0;0;0;1;0;0;1;0;0
"12/01/2026";"09:19:00";"97";"Com vítima";"387,000";"BR-376/PR";"Decrescente";"Acidentes de outra natureza";0;0;0;0;0;0;0;1;0;0;0;0;0;0;1
"12/01/2026";"12:15:00";"139";"Sem vítima";"341,000";"BR-376/PR";"Crescente";"Engavetamento";0;0;0;0;0;0;0;0;0;2;2;0;0;0;0
"12/01/2026";"14:59:00";"170";"Com vítima";"402,000";"BR-376/PR";"Decrescente";"Capotamento";1;0;0;0;0;0;0;0;0;0;1;2;0;1;0
"12/01/2026";"15:08:00";"172";"Sem vítima";"432,000";"BR-376/PR";"Decrescente";"Acidentes de outra natureza";0;0;1;0;0;0;0;0;0;0;1;0;0;0;0
"12/01/2026";"15:40:00";"179";"Com vítima";"432,000";"BR-376/PR";"Crescente";"Acidentes de outra natureza";1;0;0;0;0;0;0;0;0;0;0;2;1;0;0
"12/01/2026";"16:27:00";"191";"Sem vítima";"444,000";"BR-376/PR";"Crescente";"Choque";1;0;0;0;0;0;0;0;0;0;0;0;0;0;0
"12/01/2026";"17:08:00";"197";"Com vítima";"303,000";"BR-376/PR";"Decrescente";"Colisão lateral em sentido contrário";1;0;0;0;0;0;0;0;0;0;0;1;0;0;0
"12/01/2026";"17:12:00";"199";"Sem vítima";"440,000";"BR-376/PR";"Decrescente";"Choque";1;0;0;0;0;0;0;0;0;0;0;0;0;0;0
"12/01/2026";"17:14:00";"200";"Com vítima";"216,500";"BR-376/PR";"Decrescente";"Capotamento";1;0;0;0;0;0;0;0;0;0;0;0;1;0;0
"12/01/2026";"17:24:00";"201";"Sem vítima";"444,000";"BR-376/PR";"Crescente";"Choque";1;0;0;0;0;0;0;0;0;0;0;0;0;0;0
"12/01/2026";"18:19:00";"212";"Sem vítima";"235,000";"BR-376/PR";"Decrescente";"Choque";1;0;0;0;0;0;0;0;0;0;0;0;0;0;0
"12/01/2026";"18:25:00";"214";"Sem vítima";"417,000";"BR-376/PR";"Crescente";"Choque";1;0;0;0;0;0;0;0;0;0;0;0;0;0;0
"12/01/2026";"18:35:00";"216";"Sem vítima";"433,000";"BR-376/PR";"Decrescente";"Choque";1;0;0;0;0;0;0;0;0;0;0;0;0;0;0
"13/01/2026";"00:00:00";"226";"Com vítima";"36,000";"323/PR";"Crescente";"Colisão traseira";2;0;0;0;0;0;0;0;0;0;2;1;0;0;0
"13/01/2026";"11:44:00";"138";"Com vítima";"520,000";"BR-376/PR";"Decrescente";"Tombamento";0;0;0;0;0;0;0;0;1;0;0;1;0;0;0
"13/01/2026";"11:55:00";"143";"Sem vítima";"321,000";"BR-376/PR";"Crescente";"Choque";0;0;0;0;0;0;0;1;0;0;1;0;0;0;0
"13/01/2026";"16:47:00";"179";"Com vítima";"485,000";"BR-376/PR";"Crescente";"Tombamento";0;0;0;1;0;0;0;0;0;0;0;0;1;0;0
"13/01/2026";"20:32:00";"223";"Sem vítima";"343,000";"BR-376/PR";"Crescente";"Tombamento";0;0;0;0;0;0;0;1;0;0;1;0;0;0;0
"13/01/2026";"21:47:00";"233";"Sem vítima";"325,500";"BR-376/PR";"Crescente";"Choque";0;0;0;0;0;0;0;2;0;0;2;0;0;0;0
"13/01/2026";"23:15:00";"240";"Sem vítima";"385,000";"BR-376/PR";"Decrescente";"Choque";1;0;0;0;0;0;0;0;0;0;1;0;0;0;0
"14/01/2026";"00:42:00";"5";"Com vítima";"543,000";"BR-376/PR";"Crescente";"Choque";1;0;0;0;0;0;0;0;0;0;0;1;0;0;0
"14/01/2026";"00:45:00";"6";"Sem vítima";"27,000";"323/PR";"Decrescente";"Colisão traseira";1;0;0;0;1;0;0;0;0;0;2;0;0;0;0
"14/01/2026";"06:56:00";"53";"Sem vítima";"63,000";"445/PR";"Crescente";"Colisão traseira";1;0;0;1;0;0;0;0;0;0;0;0;0;0;0
"14/01/2026";"07:12:00";"60";"Com vítima";"536,000";"BR-376/PR";"Decrescente";"Choque";0;0;1;0;0;0;0;0;0;0;0;0;1;0;0
"14/01/2026";"08:01:00";"76";"Sem vítima";"76,800";"445/PR";"Crescente";"Colisão traseira";2;0;0;0;0;0;0;0;0;0;0;0;0;0;0
"14/01/2026";"12:47:00";"194";"Sem vítima";"526,000";"BR-376/PR";"Crescente";"Colisão traseira";0;0;2;0;0;0;0;0;0;0;2;0;0;0;0
"14/01/2026";"14:15:00";"206";"Sem vítima";"485,000";"BR-376/PR";"Decrescente";"Colisão traseira";2;0;0;0;0;0;0;0;0;0;2;0;0;0;0