data;horario;n_da_ocorrencia;tipo_de_ocorrencia;km;trecho;sentido;tipo_de_acidente;automovel;bicicleta;caminhao;moto;onibus;outros;tracao_animal;transporte_de_cargas_especiais;trator_maquinas;utilitarios;ilesos;levemente_feridos;moderadamente_feridos;gravemente_feridos;mortos
"14/01/2026";"14:28:00";"208";"Sem vítima";"496,000";"BR-376/PR";"Decrescente";"Tombamento";0;0;1;0;0;0;0;0;0;0;1;0;0;0;0
"14/01/2026";"16:00:00";"228";"Com vítima";"27,000";"323/PR";"Decrescente";"Choque";0;0;1;0;0;0;0;0;0;0;0;0;1;0;0
"14/01/2026";"16:35:00";"233";"Sem vítima";"444,000";"BR-376/PR";"Decrescente";"Colisão traseira";1;0;0;0;0;0;0;0;0;0;2;0;0;0;0
"14/01/2026";"21:02:00";"276";"Sem vítima";"172,200";"BR-373/PR";"Decrescente";"Colisão traseira";1;0;0;0;0;0;0;1;0;0;0;0;0;0;0
"14/01/2026";"23:11:00";"296";"Com vítima";"444,000";"BR-376/PR";"Crescente";"Tombamento";0;0;0;0;0;0;0;1;0;0;0;0;0;1;0
"15/01/2026";"00:00:00";"288";"Sem vítima";"533,000";"BR-376/PR";"Decrescente";"Choque";0;0;1;0;0;0;0;0;0;0;0;0;0;0;0
"15/01/2026";"03:17:00";"11";"Com vítima";"434,000";"BR-376/PR";"Decrescente";"Tombamento";0;0;1;0;0;0;0;0;0;0;0;0;0;1;0
"15/01/2026";"09:00:00";"112";"Sem vítima";"490,000";"BR-376/PR";"Decrescente";"Colisão lateral em sentido contrário";1;0;1;0;0;0;0;0;0;0;2;0;0;0;0
"15/01/2026";"09:51:00";"136";"Sem vítima";"314,000";"BR-376/PR";"Crescente";"Colisão traseira";1;0;0;0;0;0;0;1;0;0;0;0;0;0;0
"15/01/2026";"13:03:00";"192";"Com vítima";"398,000";"90/PR";"Crescente";"Colisão lateral em sentido contrário";1;0;0;0;0;0;0;0;0;0;0;0;1;0;0
"15/01/2026";"18:21:00";"241";"Com vítima";"255,000";"BR-376/PR";"Decrescente";"Colisão traseira";0;0;0;1;0;0;0;0;0;0;0;1;0;0;0
"15/01/2026";"18:34:00";"243";"Com vítima";"198,000";"BR-369/PR";"Crescente";"Colisão lateral em sentido contrário";0;0;0;1;0;0;0;0;0;1;0;0;0;0;1
"15/01/2026";"19:45:00";"258";"Com vítima";"112,000";"170/PR";"Crescente";"Tombamento";0;1;0;0;0;0;0;0;0;0;0;0;0;0;0
"15/01/2026";"22:14:00";"281";"Sem vítima";"413,000";"BR-376/PR";"Crescente";"Atropelamento de animal";1;0;0;0;0;0;0;0;0;0;0;0;0;0;0
"16/01/2026";"15:59:00";"214";"Sem vítima";"434,000";"BR-376/PR";"Decrescente";"Choque";1;0;0;0;0;0;0;0;0;0;0;0;0;0;0
"17/01/2026";"16:54:00";"208";"Sem vítima";"343,000";"BR-376/PR";"Crescente";"Choque";0;0;0;0;0;0;0;1;0;0;1;0;0;0;0
"17/01/2026";"16:55:00";"209";"Com vítima";"379,000";"90/PR";"Crescente";"Colisão lateral em sentido contrário";1;0;0;1;0;0;0;0;0;0;1;0;0;1;0
"17/01/2026";"17:43:00";"220";"Com vítima";"228,000";"BR-376/PR";"Decrescente";"Colisão frontal";1;0;1;0;0;0;0;0;0;0;1;1;0;0;0
"17/01/2026";"18:17:00";"224";"Com vítima";"379,000";"90/PR";"Decrescente";"Acidentes de outra natureza";0;0;0;1;0;0;0;0;0;0;0;1;0;0;0
"17/01/2026";"19:26:00";"238";"Sem vítima";"529,000";"BR-376/PR";"Decrescente";"Acidentes de outra natureza";1;0;0;0;0;0;0;0;0;0;1;0;0;0;0
"18/01/2026";"00:00:00";"158";"Sem vítima";"457,000";"BR-376/PR";"Decrescente";"Choque";1;0;0;0;0;0;0;0;0;0;0;0;0;0;0
"18/01/2026";"04:57:00";"23";"Sem vítima";"249,000";"BR-376/PR";"Decrescente";"Choque";1;0;0;0;0;0;0;0;0;0;0;0;0;0;0
"18/01/2026";"11:46:00";"85";"Sem vítima";"388,000";"BR-376/PR";"Crescente";"Colisão traseira";2;0;0;0;0;0;0;0;0;0;2;0;0;0;0
"18/01/2026";"15:51:00";"127";"Sem vítima";"345,000";"BR-376/PR";"Decrescente";"Choque";1;0;0;0;0;0;0;1;0;0;3;0;0;0;0
"18/01/2026";"16:35:00";"133";"Sem vítima";"328,000";"BR-376/PR";"Decrescente";"Colisão traseira";2;0;0;0;0;0;0;0;0;0;0;0;0;0;0
"18/01/2026";"17:53:00";"143";"Sem vítima";"370,000";"BR-376/PR";"Crescente";"Choque";1;0;0;0;0;0;0;0;0;0;0;0;0;0;0
"18/01/2026";"18:26:00";"147";"Com vítima";"466,000";"BR-376/PR";"Decrescente";"Capotamento";1;0;0;0;0;0;0;0;0;0;0;1;1;0;0
"18/01/2026";"18:57:00";"151";"Com vítima";"60,000";"445/PR";"Decrescente";"Colisão transversal";1;0;0;0;0;0;0;0;0;1;2;1;1;0;0
"18/01/2026";"19:28:00";"161";"Sem vítima";"432,000";"BR-376/PR";"Crescente";"Capotamento";1;0;0;0;0;0;0;0;0;0;0;0;0;0;0
"18/01/2026";"20:18:00";"171";"Sem vítima";"408,000";"BR-376/PR";"Crescente";"Choque";1;0;0;0;0;0;0;0;0;0;0;0;0;0;0
"19/01/2026";"10:57:00";"134";"Com vítima";"38,000";"445/PR";"Crescente";"Colisão traseira";2;0;0;0;0;0;0;0;0;0;0;1;0;0;0
"20/01/2026";"09:34:00";"130";"Sem vítima";"343,800";"BR-376/PR";"Decrescente";"Tombamento";0;0;0;0;0;0;0;1;0;0;1;0;0;0;0
"20/01/2026";"10:55:00";"160";"Sem vítima";"346,400";"BR-376/PR";"Decrescente";"Colisão traseira";2;0;0;0;0;0;0;0;0;0;1;0;0;0;0
"20/01/2026";"10:58:00";"162";"Com vítima";"20,000";"323/PR";"Decrescente";"Engavetamento";2;0;0;0;0;0;0;0;0;0;0;0;1;0;0
"20/01/2026";"16:09:00";"225";"Com vítima";"267,000";"BR-376/PR";"Decrescente";"Colisão lateral em sentido contrário";1;0;1;0;0;0;0;0;0;0;0;1;0;0;0
"20/01/2026";"22:04:00";"274";"Sem vítima";"516,000";"BR-376/PR";"Crescente";"Tombamento";0;0;1;0;0;0;0;0;0;0;0;0;0;0;0
"21/01/2026";"12:56:00";"190";"Sem vítima";"21,000";"323/PR";"Decrescente";"Choque";3;0;0;0;0;0;0;0;0;0;2;0;0;0;0
"21/01/2026";"16:40:00";"238";"Sem vítima";"354,000";"BR-376/PR";"Decrescente";"Colisão traseira";2;0;0;0;0;0;0;0;0;0;0;0;0;0;0
"21/01/2026";"16:45:00";"240";"Sem vítima";"311,000";"BR-376/PR";"Crescente";"Colisão traseira";0;0;0;0;0;0;0;1;0;0;1;0;0;0;0
"21/01/2026";"16:58:00";"239";"Sem vítima";"310,000";"BR-376/PR";"Crescente";"Colisão transversal";0;0;1;0;0;0;0;0;0;0;0;0;0;0;0
"21/01/2026";"18:00:00";"248";"Com vítima";"225,000";"BR-376/PR";"Decrescente";"Tombamento";0;0;0;1;0;0;0;0;0;0;0;1;0;0;0
"22/01/2026";"17:20:00";"218";"Sem vítima";"91,000";"445/PR";"Decrescente";"Acidentes de outra natureza";1;0;0;0;0;0;0;1;0;0;2;0;0;0;0
"22/01/2026";"18:10:00";"228";"Sem vítima";"61,000";"445/PR";"Crescente";"Colisão traseira";1;0;1;0;0;0;0;0;0;0;2;0;0;0;0
"23/01/2026";"04:44:00";"29";"Sem vítima";"313,000";"BR-376/PR";"Decrescente";"Colisão traseira";0;0;2;0;0;0;0;0;0;0;0;0;0;0;0
"23/01/2026";"11:48:00";"152";"Sem vítima";"491,000";"BR-376/PR";"Decrescente";"Colisão traseira";1;0;0;0;0;0;0;1;0;0;0;0;0;0;0
"23/01/2026";"16:06:00";"201";"Sem vítima";"494,000";"BR-376/PR";"Crescente";"Colisão traseira";0;0;1;0;0;0;0;0;0;0;1;0;0;0;0
"24/01/2026";"00:00:00";"186";"Com vítima";"199,000";"BR-369/PR";"Decrescente";"Colisão lateral em sentido contrário";1;0;0;1;0;0;0;0;0;0;3;1;0;0;0
"24/01/2026";"02:30:00";"11";"Sem vítima";"513,000";"BR-376/PR";"Decrescente";"Acidentes de outra natureza";0;0;1;0;0;0;0;0;0;0;1;0;0;0;0
"24/01/2026";"11:49:00";"143";"Com vítima";"228,000";"BR-376/PR";"Decrescente";"Acidentes de outra natureza";0;0;0;1;0;0;0;0;0;0;0;1;0;0;0
"24/01/2026";"15:51:00";"179";"Com vítima";"302,000";"BR-376/PR";"Crescente";"Acidentes de outra natureza";0;0;0;1;0;0;0;0;0;0;0;1;0;0;0
"24/01/2026";"20:27:00";"237";"Com vítima";"81,900";"445/PR";"Crescente";"Acidentes de outra natureza";0;0;0;1;0;0;0;0;0;0;0;1;0;0;0
"25/01/2026";"03:06:00";"11";"Com vítima";"191,000";"BR-369/PR";"Decrescente";"Choque";0;0;0;0;0;0;0;0;0;1;0;1;0;0;0
"25/01/2026";"03:55:00";"13";"Com vítima";"78,000";"445/PR";"Decrescente";"Choque";2;0;0;0;0;0;0;0;0;0;0;3;2;1;1
"25/01/2026";"06:26:00";"17";"Sem vítima";"173,000";"BR-373/PR";"Decrescente";"Choque";1;0;0;0;0;0;0;0;0;0;0;0;0;0;0
"25/01/2026";"08:11:00";"35";"Sem vítima";"439,102";"BR-376/PR";"Decrescente";"Acidentes de outra natureza";1;0;0;0;0;0;0;0;0;0;0;0;0;0;0
"25/01/2026";"10:00:00";"62";"Com vítima";"438,000";"BR-376/PR";"Decrescente";"Atropelamento de pedestre";0;0;0;1;0;0;0;0;0;0;0;1;0;0;0
"25/01/2026";"12:42:00";"114";"Sem vítima";"507,000";"BR-376/PR";"Decrescente";"Colisão traseira";0;0;2;0;0;0;0;0;0;0;0;0;0;0;0
"25/01/2026";"14:48:00";"94";"Com vítima";"385,000";"BR-376/PR";"Crescente";"Acidentes de outra natureza";0;0;0;1;0;0;0;0;0;0;0;1;0;0;1
"25/01/2026";"15:37:00";"103";"Com vítima";"491,000";"BR-376/PR";"Crescente";"Acidentes de outra natureza";0;0;0;1;0;0;0;0;0;0;0;0;1;0;0
"25/01/2026";"16:14:00";"90";"Com vítima";"467,000";"BR-376/PR";"Crescente";"Colisão lateral em sentido contrário";1;0;0;1;0;0;0;0;0;0;4;0;1;0;0
"26/01/2026";"00:00:00";"110";"Sem vítima";"56,700";"445/PR";"Decrescente";"Colisão transversal";0;0;1;0;0;0;0;0;0;0;0;0;0;0;0
"26/01/2026";"00:00:00";"112";"Sem vítima";"484,000";"BR-376/PR";"Crescente";"Colisão traseira";0;0;0;1;0;0;0;0;0;1;0;0;0;0;0
"26/01/2026";"04:13:00";"11";"Com vítima";"289,500";"BR-376/PR";"Decrescente";"Tombamento";0;0;1;0;0;0;0;0;0;0;0;1;0;0;0
"26/01/2026";"06:00:00";"15";"Com vítima";"58,000";"445/PR";"Crescente";"Tombamento";0;0;1;0;0;0;0;0;0;0;0;0;1;0;0
"26/01/2026";"06:08:00";"16";"Sem vítima";"405,700";"BR-376/PR";"Decrescente";"Choque";1;0;0;0;0;0;0;0;0;0;1;0;0;0;0
"26/01/2026";"10:14:00";"130";"Sem vítima";"545,000";"BR-376/PR";"Decrescente";"Choque";1;0;0;0;0;0;0;0;0;0;0;0;0;0;0
"26/01/2026";"14:01:00";"190";"Sem vítima";"77,000";"445/PR";"Decrescente";"Colisão lateral em sentido contrário";1;0;0;0;0;0;0;1;0;0;2;0;0;0;0
"26/01/2026";"14:18:00";"194";"Sem vítima";"444,000";"BR-376/PR";"Decrescente";"Choque";1;0;0;0;0;0;0;0;0;0;0;0;0;0;0
"26/01/2026";"23:21:00";"293";"Com vítima";"491,500";"BR-376/PR";"Crescente";"Acidentes de outra natureza";0;0;0;1;0;0;0;0;0;0;0;1;0;0;0
"27/01/2026";"01:02:00";"247";"Sem vítima";"488,000";"BR-376/PR";"Crescente";"Colisão traseira";1;0;1;0;0;0;0;0;0;0;0;0;0;0;0
"27/01/2026";"01:06:00";"242";"Sem vítima";"491,900";"BR-376/PR";"Decrescente";"Acidentes de outra natureza";0;0;0;1;0;0;0;0;0;0;0;0;0;0;0
"27/01/2026";"03:29:00";"11";"Com vítima";"77,000";"445/PR";"Decrescente";"Colisão traseira";0;1;0;0;0;0;0;0;0;0;0;0;0;0;0
"27/01/2026";"18:02:00";"216";"Sem vítima";"526,500";"BR-376/PR";"Decrescente";"Colisão traseira";0;0;1;0;0;0;0;0;0;0;1;0;0;0;0
"27/01/2026";"18:08:00";"217";"Sem vítima";"493,500";"BR-376/PR";"Crescente";"Tombamento";0;0;1;0;0;0;0;0;0;0;1;0;0;0;0
"27/01/2026";"18:22:00";"218";"Com vítima";"74,000";"445/PR";"Decrescente";"Colisão traseira";1;0;0;2;0;0;0;0;0;0;1;0;1;0;0
"27/01/2026";"20:14:00";"234";"Com vítima";"188,000";"BR-369/PR";"Crescente";"Colisão lateral em sentido contrário";0;0;0;2;0;0;0;0;0;0;1;1;0;0;0
"27/01/2026";"21:58:00";"246";"Sem vítima";"172,000";"BR-373/PR";"Crescente";"Colisão lateral em sentido contrário";2;0;0;0;0;0;0;0;0;0;0;0;0;0;0
"28/01/2026";"02:58:00";"15";"Com vítima";"73,000";"445/PR";"Decrescente";"Choque";1;0;0;0;0;0;0;0;0;0;0;1;0;0;0
"28/01/2026";"07:00:00";"53";"Sem vítima";"300,000";"BR-376/PR";"Crescente";"Tombamento";0;0;1;0;0;0;0;0;0;0;1;0;0;0;0
"28/01/2026";"09:54:00";"147";"Com vítima";"25,000";"445/PR";"Decrescente";"Choque";1;0;0;0;0;0;0;0;0;0;0;1;0;0;0
"28/01/2026";"11:44:00";"175";"Sem vítima";"323,200";"BR-376/PR";"Crescente";"Colisão traseira";0;0;1;0;0;0;0;0;0;0;0;0;0;0;0
"28/01/2026";"15:39:00";"221";"Sem vítima";"174,000";"BR-373/PR";"Decrescente";"Colisão traseira";2;0;0;0;0;0;0;0;0;0;2;0;0;0;0
"28/01/2026";"18:19:00";"249";"Com vítima";"55,000";"445/PR";"Decrescente";"Capotamento";1;0;0;0;0;0;0;0;0;0;0;0;0;1;0
"28/01/2026";"20:45:00";"273";"Com vítima";"238,000";"BR-376/PR";"Crescente";"Colisão traseira";1;0;0;0;0;0;0;1;0;0;0;0;0;1;1
"29/01/2026";"00:01:00";"1";"Sem vítima";"324,000";"BR-376/PR";"Decrescente";"Choque";1;0;1;0;0;0;0;0;0;0;0;0;0;0;0
"29/01/2026";"03:42:00";"18";"Sem vítima";"180,300";"BR-373/PR";"Crescente";"Choque";1;0;0;0;0;0;0;0;0;0;0;0;0;0;0
"29/01/2026";"03:56:00";"19";"Sem vítima";"50,000";"445/PR";"Crescente";"Tombamento";0;0;0;0;0;0;0;1;0;0;0;0;0;0;0
"29/01/2026";"06:30:00";"28";"Sem vítima";"320,000";"BR-376/PR";"Crescente";"Tombamento";0;0;1;0;0;0;0;0;0;0;1;0;0;0;0
"29/01/2026";"07:50:00";"67";"Com vítima";"221,000";"BR-376/PR";"Decrescente";"Acidentes de outra natureza";1;0;0;0;0;0;0;0;0;0;0;0;1;0;0
"29/01/2026";"13:04:00";"163";"Sem vítima";"325,000";"BR-376/PR";"Crescente";"Choque";0;0;1;0;0;0;0;0;0;0;2;0;0;0;0
"29/01/2026";"14:35:00";"174";"Sem vítima";"432,000";"BR-376/PR";"Crescente";"Choque";1;0;0;0;0;0;0;0;0;0;0;0;0;0;0
"29/01/2026";"15:03:00";"177";"Sem vítima";"430,500";"BR-376/PR";"Crescente";"Choque";1;0;0;0;0;0;0;0;0;0;0;0;0;0;0
"29/01/2026";"15:44:00";"182";"Com vítima";"440,000";"BR-376/PR";"Decrescente";"Acidentes de outra natureza";1;0;0;0;0;0;0;0;0;0;1;1;0;0;0
"29/01/2026";"15:56:00";"183";"Com vítima";"258,000";"BR-376/PR";"Decrescente";"Acidentes de outra natureza";0;0;0;1;0;0;0;0;0;0;0;1;0;0;0
"29/01/2026";"16:50:00";"189";"Sem vítima";"258,000";"BR-376/PR";"Crescente";"Choque";0;0;1;0;0;0;0;0;0;0;1;0;0;0;0
"29/01/2026";"17:35:00";"196";"Sem vítima";"530,000";"BR-376/PR";"Crescente";"Colisão traseira";0;0;2;0;0;0;0;0;0;0;1;0;0;0;0
"29/01/2026";"17:37:00";"197";"Com vítima";"230,000";"BR-376/PR";"Decrescente";"Choque";1;0;0;0;0;0;0;0;0;0;0;1;0;0;0
"29/01/2026";"17:38:00";"198";"Sem vítima";"488,000";"BR-376/PR";"Decrescente";"Engavetamento";5;0;0;0;0;0;0;0;0;0;0;0;0;0;0
"29/01/2026";"22:23:00";"229";"Sem vítima";"433,600";"BR-376/PR";"Decrescente";"Choque";0;0;0;0;0;0;0;0;0;1;0;0;0;0;0
"30/01/2026";"02:07:00";"250";"Com vítima";"181,000";"BR-373/PR";"Crescente";"Acidentes de outra natureza";0;0;1;0;0;0;0;0;0;0;0;1;0;0;0
"30/01/2026";"03:34:00";"16";"Sem vítima";"535,000";"BR-376/PR";"Crescente";"Choque";1;0;0;0;0;0;0;0;0;0;0;0;0;0;0
"30/01/2026";"11:26:00";"187";"Sem vítima";"379,000";"90/PR";"Crescente";"Choque";1;0;0;0;0;0;0;0;0;0;1;0;0;0;0
"30/01/2026";"16:28:00";"238";"Com vítima";"221,000";"BR-376/PR";"Crescente";"Capotamento";1;0;0;0;0;0;0;0;0;0;0;0;0;0;1
"30/01/2026";"18:23:00";"251";"Com vítima";"8,000";"323/PR";"Crescente";"Colisão lateral em sentido contrário";1;0;0;0;0;0;0;0;0;1;0;1;0;0;0
"31/01/2026";"00:00:00";"122";"Sem vítima";"12,000";"445/PR";"Crescente";"Choque";1;0;0;0;0;0;0;0;0;0;0;0;0;0;0
"31/01/2026";"08:08:00";"83";"Sem vítima";"7,000";"445/PR";"Decrescente";"Choque";1;0;0;0;0;0;0;0;0;0;1;0;0;0;0
"31/01/2026";"13:09:00";"134";"Com vítima";"501,000";"BR-376/PR";"Crescente";"Capotamento";1;0;0;0;0;0;0;0;0;0;0;1;0;0;0
"31/01/2026";"13:58:00";"138";"Sem vítima";"114,000";"170/PR";"Crescente";"Colisão lateral em sentido contrário";2;0;0;0;0;0;0;0;0;0;2;0;0;0;0
"31/01/2026";"16:01:00";"157";"Sem vítima";"519,000";"BR-376/PR";"Crescente";"Colisão traseira";1;0;0;0;0;0;0;0;0;0;3;0;0;0;0
"01/02/2026";"08:09:00";"49";"Sem vítima";"171,900";"BR-373/PR";"Crescente";"Colisão traseira";1;0;1;0;0;0;0;0;0;0;3;0;0;0;0
"01/02/2026";"10:16:00";"72";"Sem vítima";"514,000";"BR-376/PR";"Crescente";"Colisão traseira";2;0;0;0;0;0;0;0;0;0;8;0;0;0;0
"01/02/2026";"10:56:00";"81";"Sem vítima";"513,500";"BR-376/PR";"Crescente";"Colisão traseira";1;0;0;0;0;0;0;0;0;0;4;0;0;0;0
"01/02/2026";"11:09:00";"85";"Com vítima";"25,000";"445/PR";"Decrescente";"Tombamento";0;0;0;1;0;0;0;0;0;0;0;1;0;0;0
"01/02/2026";"13:35:00";"101";"Sem vítima";"310,000";"BR-376/PR";"Decrescente";"Choque";1;0;0;0;0;0;0;0;0;0;1;0;0;0;0
"01/02/2026";"19:59:00";"167";"Sem vítima";"176,000";"BR-373/PR";"Crescente";"Colisão traseira";2;0;0;0;0;0;0;0;0;0;0;0;0;0;0
"02/02/2026";"14:25:00";"192";"Sem vítima";"525,000";"BR-376/PR";"Decrescente";"Choque";1;0;0;0;0;0;0;0;0;0;2;0;0;0;0
"02/02/2026";"15:17:00";"206";"Sem vítima";"444,000";"BR-376/PR";"Crescente";"Tombamento";0;0;1;0;0;0;0;0;0;0;1;0;0;0;0
"02/02/2026";"17:06:00";"217";"Sem vítima";"368,000";"BR-376/PR";"Decrescente";"Choque";1;0;0;0;0;0;0;0;0;0;1;0;0;0;0
"02/02/2026";"19:40:00";"234";"Sem vítima";"485,000";"BR-376/PR";"Crescente";"Colisão lateral em sentido contrário";1;0;0;0;0;0;0;1;0;0;4;0;0;0;0
"03/02/2026";"00:00:00";"212";"Sem vítima";"518,000";"BR-376/PR";"Decrescente";"Choque";1;0;0;0;0;0;0;0;0;0;1;0;0;0;0
"03/02/2026";"03:00:00";"230";"Com vítima";"444,000";"BR-376/PR";"Crescente";"Capotamento";1;0;0;0;0;0;0;0;0;0;0;1;0;0;0
"03/02/2026";"05:35:00";"28";"Sem vítima";"335,000";"BR-376/PR";"Crescente";"Tombamento";0;0;1;0;0;0;0;0;0;0;1;0;0;0;0
"03/02/2026";"12:07:00";"162";"Com vítima";"503,160";"BR-376/PR";"Decrescente";"Colisão lateral em sentido contrário";0;0;2;0;0;0;0;0;0;0;1;0;1;0;0
"03/02/2026";"14:58:00";"189";"Sem vítima";"432,000";"BR-376/PR";"Decrescente";"Choque";0;0;0;0;0;0;0;0;0;1;1;0;0;0;0
"03/02/2026";"17:25:00";"215";"Com vítima";"537,000";"BR-376/PR";"Decrescente";"Choque";1;0;0;0;0;0;0;0;0;0;0;5;0;0;0
"03/02/2026";"18:53:00";"226";"Com vítima";"432,000";"BR-376/PR";"Decrescente";"Choque";1;0;0;0;0;0;0;0;0;0;0;1;0;0;0
"03/02/2026";"19:29:00";"231";"Sem vítima";"378,000";"90/PR";"Crescente";"Tombamento";0;0;1;0;0;0;0;0;0;0;0;0;0;0;0
"03/02/2026";"19:33:00";"232";"Sem vítima";"217,000";"BR-376/PR";"Decrescente";"Choque";1;0;0;0;0;0;0;0;0;0;0;0;0;0;0
"03/02/2026";"20:50:00";"222";"Com vítima";"545,000";"BR-376/PR";"Decrescente";"Choque";0;0;0;0;0;0;0;0;0;1;0;1;0;0;0
"03/02/2026";"20:50:00";"249";"Com vítima";"468,000";"BR-376/PR";"Crescente";"Capotamento";1;0;0;0;0;0;0;0;0;0;0;1;0;0;0
"03/02/2026";"20:54:00";"250";"Sem vítima";"383,300";"BR-376/PR";"Crescente";"Atropelamento de animal";0;0;1;0;0;0;0;0;0;0;0;0;0;0;0
"03/02/2026";"22:42:00";"262";"Com vítima";"86,000";"445/PR";"Crescente";"Acidentes de outra natureza";0;0;0;1;0;0;0;0;0;0;0;1;0;0;0
"04/02/2026";"09:13:00";"105";"Com vítima";"396,000";"90/PR";"Crescente";"Colisão lateral em sentido contrário";0;0;1;0;0;0;0;0;0;0;0;2;0;0;0
"04/02/2026";"16:06:00";"224";"Com vítima";"200,000";"BR-369/PR";"Crescente";"Choque";0;0;0;0;0;0;0;0;0;1;0;1;0;0;0
"04/02/2026";"17:24:00";"243";"Com vítima";"349,000";"BR-376/PR";"Crescente";"Colisão traseira";0;0;1;0;0;0;0;0;0;0;0;1;0;0;0
"05/02/2026";"04:01:00";"18";"Sem vítima";"347,800";"BR-376/PR";"Crescente";"Atropelamento de animal";1;0;0;0;0;0;0;0;0;0;0;0;0;0;0
"05/02/2026";"09:44:00";"132";"Sem vítima";"54,000";"323/PR";"Decrescente";"Colisão traseira";1;0;1;0;0;0;0;0;0;0;0;0;0;0;0
"05/02/2026";"10:51:00";"162";"Sem vítima";"515,000";"BR-376/PR";"Decrescente";"Tombamento";0;0;0;0;0;0;0;1;0;0;1;0;0;0;0
"05/02/2026";"11:00:00";"164";"Com vítima";"276,000";"BR-376/PR";"Crescente";"Choque";1;0;0;0;0;0;0;0;0;0;0;0;0;0;1
"05/02/2026";"17:26:00";"236";"Sem vítima";"411,000";"BR-376/PR";"Decrescente";"Colisão traseira";0;0;2;0;0;0;0;0;0;0;0;0;0;0;0
"06/02/2026";"13:47:00";"196";"Com vítima";"172,000";"BR-373/PR";"Decrescente";"Tombamento";0;0;0;1;0;0;0;0;0;0;0;0;1;0;0
"06/02/2026";"14:50:00";"204";"Com vítima";"496,000";"BR-376/PR";"Decrescente";"Colisão traseira";2;0;0;0;0;0;0;0;0;0;1;1;0;0;0
"06/02/2026";"18:24:00";"238";"Sem vítima";"175,000";"BR-373/PR";"Crescente";"Colisão traseira";2;0;0;0;0;0;0;0;0;0;2;0;0;0;0
"06/02/2026";"19:19:00";"250";"Sem vítima";"437,000";"BR-376/PR";"Crescente";"Choque";1;0;0;0;0;0;0;0;0;0;0;0;0;0;0
"07/02/2026";"02:48:00";"11";"Com vítima";"227,000";"BR-376/PR";"Decrescente";"Tombamento";1;0;0;0;0;0;0;0;0;0;0;0;1;0;0
"07/02/2026";"07:14:00";"45";"Com vítima";"174,000";"BR-373/PR";"Decrescente";"Colisão transversal";1;0;0;1;0;0;0;0;0;0;0;1;0;0;0
"07/02/2026";"10:07:00";"123";"Sem vítima";"527,000";"BR-376/PR";"Crescente";"Tombamento";0;0;1;0;0;0;0;0;0;0;1;0;0;0;0
"07/02/2026";"15:02:00";"172";"Sem vítima";"423,000";"BR-376/PR";"Decrescente";"Acidentes de outra natureza";1;0;0;0;0;0;0;0;0;0;0;0;0;0;0
"07/02/2026";"18:07:00";"200";"Com vítima";"177,000";"BR-373/PR";"Decrescente";"Colisão traseira";1;0;1;0;0;0;0;0;0;0;1;6;0;0;0
"07/02/2026";"18:42:00";"206";"Sem vítima";"8,000";"445/PR";"Crescente";"Choque";0;0;1;0;0;0;0;0;0;0;0;0;0;0;0
"07/02/2026";"18:59:00";"211";"Com vítima";"173,000";"BR-373/PR";"Decrescente";"Acidentes de outra natureza";0;0;0;1;0;0;0;0;0;0;0;1;0;0;0
"07/02/2026";"19:16:00";"214";"Com vítima";"441,000";"BR-376/PR";"Crescente";"Choque";1;0;0;0;0;0;0;0;0;0;0;1;0;0;0
"07/02/2026";"22:25:00";"242";"Sem vítima";"62,000";"445/PR";"Decrescente";"Choque";1;0;0;0;0;0;0;0;0;0;0;0;0;0;0
"07/02/2026";"22:39:00";"245";"Sem vítima";"62,000";"445/PR";"Crescente";"Choque";1;0;0;0;0;0;0;0;0;0;0;0;0;0;0
"07/02/2026";"23:31:00";"251";"Sem vítima";"214,000";"BR-376/PR";"Crescente";"Choque";1;0;0;0;0;0;0;0;0;0;0;0;0;0;0
"07/02/2026";"23:54:00";"257";"Sem vítima";"195,000";"BR-369/PR";"Crescente";"Choque";1;0;0;0;0;0;0;0;0;0;0;0;0;0;0
"08/02/2026";"00:04:00";"1";"Sem vítima";"213,000";"BR-376/PR";"Decrescente";"Choque";1;0;0;0;0;0;0;0;0;0;0;0;0;0;0